{
"type": "FeatureCollection",
"name": "las_vegas_buildings",
"crs": { "type": "name", "properties": { "name": "urn:ogc:def:crs:OGC:1.3:CRS84" } },
"features": [
{ "type": "Feature", "properties": { "id": "08b2986b81b34fff0200120c6aabf673", "height": 2.5391605 }, "geometry": { "type": "Polygon", "coordinates": [ [ [ -115.207579023633826, 36.119126038637241 ], [ -115.20754417350706, 36.119126688837326 ], [ -115.207545473744915, 36.119172164637099 ], [ -115.207741170610589, 36.119168513515525 ], [ -115.207739065463613, 36.119094886013585 ], [ -115.207578218724692, 36.119097886938249 ], [ -115.207579023633826, 36.119126038637241 ] ] ] } },
{ "type": "Feature", "properties": { "id": "08b2986b81b34fff0200ce30fa61746d", "height": 3.2092845 }, "geometry": { "type": "Polygon", "coordinates": [ [ [ -115.207559451647242, 36.119287515773124 ], [ -115.207755239324186, 36.119286198547556 ], [ -115.207754435167786, 36.119208203954884 ], [ -115.207558647490856, 36.11920952118178 ], [ -115.207559451647242, 36.119287515773124 ] ] ] } },
{ "type": "Feature", "properties": { "id": "08b2986b81b34fff0200b898b488ab8b", "height": 2.691431 }, "geometry": { "type": "Polygon", "coordinates": [ [ [ -115.207588474475358, 36.119319233497492 ], [ -115.207588977097345, 36.119347394280538 ], [ -115.207554115626806, 36.119347800293987 ], [ -115.207554966217856, 36.119395456980484 ], [ -115.207707820357939, 36.119393676768716 ], [ -115.207707781694708, 36.11939151055627 ], [ -115.207750688119972, 36.119391010847679 ], [ -115.207749373570181, 36.119317359588543 ], [ -115.207588474475358, 36.119319233497492 ] ] ] } },
{ "type": "Feature", "properties": { "id": "08b2986b81b34fff02004b957b4cd490", "height": 2.7959008 }, "geometry": { "type": "Polygon", "coordinates": [ [ [ -115.207624121772369, 36.119532320303016 ], [ -115.207754513760534, 36.119530779583151 ], [ -115.207752621903353, 36.11942680224039 ], [ -115.207622238922113, 36.119428342855862 ], [ -115.207624121772369, 36.119532320303016 ] ] ] } },
{ "type": "Feature", "properties": { "id": "08b2986b81869fff020091d66f33d09b", "height": 2.649764 }, "geometry": { "type": "Polygon", "coordinates": [ [ [ -115.207265987921872, 36.118983856739888 ], [ -115.207267168021929, 36.119049975367048 ], [ -115.207500471709423, 36.119047258189731 ], [ -115.207498886517001, 36.118958443038665 ], [ -115.207311170906394, 36.118960629275755 ], [ -115.207311576044759, 36.118983328373623 ], [ -115.207265987921872, 36.118983856739888 ] ] ] } },
{ "type": "Feature", "properties": { "id": "08b2986b81869fff02003e211ad41502", "height": 2.7912233 }, "geometry": { "type": "Polygon", "coordinates": [ [ [ -115.207473409671408, 36.119101406930298 ], [ -115.207426192388283, 36.119100686165396 ], [ -115.207426650084528, 36.119081193112535 ], [ -115.207307628083157, 36.119079376258675 ], [ -115.207305044038222, 36.119189836976162 ], [ -115.207471281634426, 36.119192374565763 ], [ -115.207473409671408, 36.119101406930298 ] ] ] } },
{ "type": "Feature", "properties": { "id": "08b2986b81869fff02009f12e4081dc4", "height": 3.1229174 }, "geometry": { "type": "Polygon", "coordinates": [ [ [ -115.206913977064687, 36.1190795389304 ], [ -115.207118833258619, 36.119077245723275 ], [ -115.20711729783244, 36.118987288747014 ], [ -115.206912433647304, 36.118989570463896 ], [ -115.206913977064687, 36.1190795389304 ] ] ] } },
{ "type": "Feature", "properties": { "id": "08b2986b81868fff02005ce23b6a152c", "height": 2.9473183 }, "geometry": { "type": "Polygon", "coordinates": [ [ [ -115.206894263847857, 36.119126679277088 ], [ -115.206890060930618, 36.119042315729367 ], [ -115.206860604337692, 36.119043273319235 ], [ -115.206856832488896, 36.118967562366826 ], [ -115.206778118977027, 36.118970121228045 ], [ -115.206788000568693, 36.119168126314648 ], [ -115.206872052460582, 36.119165389165389 ], [ -115.206870162999124, 36.119127462758875 ], [ -115.206894263847857, 36.119126679277088 ] ] ] } },
{ "type": "Feature", "properties": { "id": "08b2986b81869fff020038ad45f738cf", "height": 2.7420845 }, "geometry": { "type": "Polygon", "coordinates": [ [ [ -115.207163418822105, 36.11923815841579 ], [ -115.207158852248739, 36.119111460797612 ], [ -115.206995375745251, 36.119115296388131 ], [ -115.206996468129518, 36.119145604137472 ], [ -115.206950909103966, 36.119146673072095 ], [ -115.206954383718653, 36.119243074741533 ], [ -115.207163418822105, 36.11923815841579 ] ] ] } },
{ "type": "Feature", "properties": { "id": "08b2986b81b34fff0200a54b38970b9c", "height": 2.3378818 }, "geometry": { "type": "Polygon", "coordinates": [ [ [ -115.20751618342527, 36.11925131309372 ], [ -115.207309668019576, 36.119249900341927 ], [ -115.207309217512588, 36.119293230581548 ], [ -115.207515732918282, 36.119294643332545 ], [ -115.20751618342527, 36.11925131309372 ] ] ] } },
{ "type": "Feature", "properties": { "id": "08b2986b81b34fff02007017bddc1beb", "height": 2.738655 }, "geometry": { "type": "Polygon", "coordinates": [ [ [ -115.207502472546281, 36.119360087532492 ], [ -115.207322789236201, 36.119358391041132 ], [ -115.207321071331506, 36.119476412175985 ], [ -115.207500754493722, 36.119478118821988 ], [ -115.207502472546281, 36.119360087532492 ] ] ] } },
{ "type": "Feature", "properties": { "id": "08b2986b81b36fff020010658539d6a6", "height": 2.733677 }, "geometry": { "type": "Polygon", "coordinates": [ [ [ -115.207478374665868, 36.119532414947734 ], [ -115.207328285091094, 36.119529071663976 ], [ -115.207325254892211, 36.119617837133049 ], [ -115.207429781560336, 36.119620165488769 ], [ -115.207430742355115, 36.119592020351725 ], [ -115.207520866056555, 36.119594027878705 ], [ -115.207522007544895, 36.119560504479168 ], [ -115.207477449566511, 36.119559514458274 ], [ -115.207478374665868, 36.119532414947734 ] ] ] } },
{ "type": "Feature", "properties": { "id": "08b2986b81869fff020073d975dd5031", "height": 2.7744946 }, "geometry": { "type": "Polygon", "coordinates": [ [ [ -115.206963133027514, 36.119372216587657 ], [ -115.207069578912339, 36.119419783289921 ], [ -115.207137914132701, 36.119418272693451 ], [ -115.207174506922939, 36.119364838564032 ], [ -115.2070880591546, 36.119326208250527 ], [ -115.207154643583451, 36.119324736354734 ], [ -115.207152809948681, 36.119270610254702 ], [ -115.207048282075647, 36.119272920918668 ], [ -115.207049503625271, 36.119308979202941 ], [ -115.206993779028736, 36.119284077924164 ], [ -115.206961732445308, 36.119330873566348 ], [ -115.206963133027514, 36.119372216587657 ] ] ] } },
{ "type": "Feature", "properties": { "id": "08b2986b8186bfff0200b330f4dee4d5", "height": 2.8903778 }, "geometry": { "type": "Polygon", "coordinates": [ [ [ -115.206746116351283, 36.119368556336283 ], [ -115.206897821453765, 36.119388111541078 ], [ -115.206931407797825, 36.119218092125784 ], [ -115.206779701043089, 36.119198545242625 ], [ -115.206746116351283, 36.119368556336283 ] ] ] } },
{ "type": "Feature", "properties": { "id": "08b2986b81b36fff02001c59aa69bfd1", "height": 3.0983517 }, "geometry": { "type": "Polygon", "coordinates": [ [ [ -115.206826698923777, 36.119647391265566 ], [ -115.206973825151294, 36.119670906087137 ], [ -115.207008282752525, 36.119530227428292 ], [ -115.206861154564365, 36.119506720569284 ], [ -115.206826698923777, 36.119647391265566 ] ] ] } },
{ "type": "Feature", "properties": { "id": "08b2986b81b30fff0200467a7262517b", "height": 2.7442648 }, "geometry": { "type": "Polygon", "coordinates": [ [ [ -115.207591472486172, 36.1196534371553 ], [ -115.20763973160652, 36.119652629554167 ], [ -115.207640312127708, 36.119675342040999 ], [ -115.207746559214556, 36.119673570036817 ], [ -115.207743615450241, 36.119558786335446 ], [ -115.207637378304327, 36.119560558176431 ], [ -115.207638015599102, 36.119585491919977 ], [ -115.207589756478768, 36.119586299521835 ], [ -115.207591472486172, 36.1196534371553 ] ] ] } },
{ "type": "Feature", "properties": { "id": "08b2986b81b30fff0200766929c055b8", "height": 2.022431 }, "geometry": { "type": "Polygon", "coordinates": [ [ [ -115.207567686997763, 36.11977162924839 ], [ -115.207773221897853, 36.119772651819225 ], [ -115.207773630183539, 36.119718487525667 ], [ -115.20761369579985, 36.119717691824555 ], [ -115.207613687317746, 36.119718804292887 ], [ -115.207568091474457, 36.119718580023502 ], [ -115.207567686997763, 36.11977162924839 ] ] ] } },
{ "type": "Feature", "properties": { "id": "08b2986b81b30fff02008e597da7d17f", "height": 2.9453068 }, "geometry": { "type": "Polygon", "coordinates": [ [ [ -115.207562178276433, 36.11993042431402 ], [ -115.207775705020609, 36.119927164893994 ], [ -115.207773120975673, 36.1198167052138 ], [ -115.207559603798643, 36.119819964492386 ], [ -115.207562178276433, 36.11993042431402 ] ] ] } },
{ "type": "Feature", "properties": { "id": "08b2986b81b33fff0200b90278a39393", "height": 2.310482 }, "geometry": { "type": "Polygon", "coordinates": [ [ [ -115.207767989282559, 36.120178905148094 ], [ -115.207773712070917, 36.120298996145607 ], [ -115.207808529196939, 36.1202979135211 ], [ -115.207810384920677, 36.120336855287995 ], [ -115.20786662797039, 36.120335106433863 ], [ -115.207859049703274, 36.120176078804825 ], [ -115.207767989282559, 36.120178905148094 ] ] ] } },
{ "type": "Feature", "properties": { "id": "08b2986b81b30fff02009d0d3d93fd50", "height": 2.977671 }, "geometry": { "type": "Polygon", "coordinates": [ [ [ -115.207772889951642, 36.119954337879321 ], [ -115.20759595626582, 36.119957598890309 ], [ -115.207599381582881, 36.120078867905697 ], [ -115.207741464694195, 36.12007624921911 ], [ -115.207740730697694, 36.120050263016431 ], [ -115.207775581272173, 36.120049620696854 ], [ -115.207772889951642, 36.119954337879321 ] ] ] } },
{ "type": "Feature", "properties": { "id": "08b2986b81b33fff0200b7732fadb179", "height": 3.2092955 }, "geometry": { "type": "Polygon", "coordinates": [ [ [ -115.207634489840061, 36.120352819418763 ], [ -115.207755166304722, 36.120354163454259 ], [ -115.207758013357875, 36.120187363998795 ], [ -115.207637336893214, 36.120186019960435 ], [ -115.207634489840061, 36.120352819418763 ] ] ] } },
{ "type": "Feature", "properties": { "id": "08b2986b81b33fff020021bfef80a36f", "height": 3.169622 }, "geometry": { "type": "Polygon", "coordinates": [ [ [ -115.207442496047506, 36.120343710381469 ], [ -115.207601557239471, 36.120347846986391 ], [ -115.207608357288009, 36.12017685937127 ], [ -115.20744931089564, 36.120172723142204 ], [ -115.207442496047506, 36.120343710381469 ] ] ] } },
{ "type": "Feature", "properties": { "id": "08b2986b81b30fff02007fb5b7fd6550", "height": 2.9412177 }, "geometry": { "type": "Polygon", "coordinates": [ [ [ -115.207532712432268, 36.11964669074667 ], [ -115.207323603710933, 36.11964293128964 ], [ -115.20732032203334, 36.119762038270174 ], [ -115.207529430754704, 36.119765797721506 ], [ -115.207532712432268, 36.11964669074667 ] ] ] } },
{ "type": "Feature", "properties": { "id": "08b2986b81b30fff0200f499abffff8e", "height": 3.0097432 }, "geometry": { "type": "Polygon", "coordinates": [ [ [ -115.207322791169062, 36.1198796057922 ], [ -115.207529194562085, 36.119883736691826 ], [ -115.2075321167666, 36.119788462554233 ], [ -115.207325713373564, 36.119784331649555 ], [ -115.207322791169062, 36.1198796057922 ] ] ] } },
{ "type": "Feature", "properties": { "id": "08b2986b81b32fff0200dab2be0be7e8", "height": 2.7091248 }, "geometry": { "type": "Polygon", "coordinates": [ [ [ -115.207074009109903, 36.119923717555636 ], [ -115.207192007992887, 36.119922530086825 ], [ -115.207190722534634, 36.119839180122653 ], [ -115.207155859258691, 36.119839532936801 ], [ -115.207155373967538, 36.119808066316004 ], [ -115.207034693291746, 36.119809280774525 ], [ -115.207035996273675, 36.119893767014844 ], [ -115.207073541372793, 36.119893389183716 ], [ -115.207074009109903, 36.119923717555636 ] ] ] } },
{ "type": "Feature", "properties": { "id": "08b2986b81b36fff0200eb4fac88b529", "height": 3.19272 }, "geometry": { "type": "Polygon", "coordinates": [ [ [ -115.207059820590629, 36.119539524759332 ], [ -115.206989469985743, 36.119701593398858 ], [ -115.207108894166254, 36.11973542652472 ], [ -115.20713357885576, 36.119678559783459 ], [ -115.207155075678045, 36.119684648666713 ], [ -115.2071860641217, 36.119613259755482 ], [ -115.207160682368524, 36.119606070475527 ], [ -115.207175362533889, 36.119572258106849 ], [ -115.207059820590629, 36.119539524759332 ] ] ] } },
{ "type": "Feature", "properties": { "id": "08b2986b8184dfff0200d96ed3139914", "height": 2.8900466 }, "geometry": { "type": "Polygon", "coordinates": [ [ [ -115.206955334351647, 36.11985886176587 ], [ -115.206988984525509, 36.119866871056665 ], [ -115.207035857018823, 36.119738340319159 ], [ -115.206903496917107, 36.119706843880735 ], [ -115.206859864927267, 36.119826460353565 ], [ -115.206879608834498, 36.119831158611653 ], [ -115.206863998058722, 36.119873955282131 ], [ -115.206942972189111, 36.119892752409655 ], [ -115.206955334351647, 36.11985886176587 ] ] ] } },
{ "type": "Feature", "properties": { "id": "08b2986b81b30fff02001ea05fcdfffe", "height": 2.7070415 }, "geometry": { "type": "Polygon", "coordinates": [ [ [ -115.207356565354047, 36.120025373402505 ], [ -115.207468844539221, 36.120045876783031 ], [ -115.207475190104859, 36.120023202456011 ], [ -115.207523674298471, 36.120032056189423 ], [ -115.207547325952248, 36.119947542740547 ], [ -115.207345733778894, 36.119910729802847 ], [ -115.207325543342733, 36.119982875469432 ], [ -115.207366372137329, 36.119990331248829 ], [ -115.207356565354047, 36.120025373402505 ] ] ] } },
{ "type": "Feature", "properties": { "id": "08b2986b81b32fff0200e93f65689863", "height": 2.8055632 }, "geometry": { "type": "Polygon", "coordinates": [ [ [ -115.207254955843112, 36.120240612675452 ], [ -115.207283874224672, 36.12024955241835 ], [ -115.207260130996389, 36.120299677599228 ], [ -115.207362226617008, 36.120331233336913 ], [ -115.207415948694432, 36.120217839473661 ], [ -115.207393393287774, 36.120210868034462 ], [ -115.207414447790512, 36.120166419069818 ], [ -115.207305990624306, 36.120132890901687 ], [ -115.207254955843112, 36.120240612675452 ] ] ] } },
{ "type": "Feature", "properties": { "id": "08b2986b81b32fff0200f69af847985c", "height": 2.8193011 }, "geometry": { "type": "Polygon", "coordinates": [ [ [ -115.206965418291375, 36.120014224633834 ], [ -115.206895630401689, 36.119992173138094 ], [ -115.206823743697868, 36.120140623366943 ], [ -115.206905989662019, 36.120166611300668 ], [ -115.206924675322455, 36.12012803126656 ], [ -115.206940958390064, 36.120133177283421 ], [ -115.206971901037505, 36.120069290374012 ], [ -115.206943152491561, 36.120060204823915 ], [ -115.206965418291375, 36.120014224633834 ] ] ] } },
{ "type": "Feature", "properties": { "id": "08b2986b81849fff020008e173151653", "height": 3.6988053 }, "geometry": { "type": "Polygon", "coordinates": [ [ [ -115.206859637862948, 36.120186879067155 ], [ -115.206776491601261, 36.120162750200699 ], [ -115.206756862412902, 36.12020688659323 ], [ -115.20673785755308, 36.120201371425821 ], [ -115.206687504417772, 36.120314590762007 ], [ -115.206818162828995, 36.120352507475502 ], [ -115.206869369407286, 36.120237369221698 ], [ -115.206840862117573, 36.120229096473643 ], [ -115.206859637862948, 36.120186879067155 ] ] ] } },
{ "type": "Feature", "properties": { "id": "08b2986b81868fff020045479cdff9ce", "height": 2.0898638 }, "geometry": { "type": "Polygon", "coordinates": [ [ [ -115.2066499181051, 36.119103747560587 ], [ -115.206719585972266, 36.119101967233462 ], [ -115.20671662569552, 36.119026209368897 ], [ -115.20674236995076, 36.119025551486821 ], [ -115.20674008125026, 36.118967109784421 ], [ -115.206611463933811, 36.118970396540519 ], [ -115.206614769834545, 36.119054812315397 ], [ -115.206647972780388, 36.119053963830375 ], [ -115.2066499181051, 36.119103747560587 ] ] ] } },
{ "type": "Feature", "properties": { "id": "08b2986b81868fff020062fc3b51e418", "height": 1.8810172 }, "geometry": { "type": "Polygon", "coordinates": [ [ [ -115.206454296267822, 36.119069039538246 ], [ -115.206486471029805, 36.119068542937889 ], [ -115.206487062372176, 36.119093543410479 ], [ -115.206555728317426, 36.119092479706261 ], [ -115.206554905635343, 36.11905782570652 ], [ -115.206570992973241, 36.11905757649744 ], [ -115.206568936268042, 36.118970941430909 ], [ -115.206452018770818, 36.118972752602744 ], [ -115.206454296267822, 36.119069039538246 ] ] ] } },
{ "type": "Feature", "properties": { "id": "08b2986b8186bfff020015dadbcffeb2", "height": 2.9732785 }, "geometry": { "type": "Polygon", "coordinates": [ [ [ -115.20671163894869, 36.119358820927765 ], [ -115.206754003793677, 36.119194794274605 ], [ -115.206638339180529, 36.119175300726759 ], [ -115.206626252203193, 36.11922209868893 ], [ -115.206603118956863, 36.119218201234418 ], [ -115.206572841412921, 36.119335428718649 ], [ -115.20671163894869, 36.119358820927765 ] ] ] } },
{ "type": "Feature", "properties": { "id": "08b2986b8186bfff0200b27b507695a1", "height": 3.4507546 }, "geometry": { "type": "Polygon", "coordinates": [ [ [ -115.206400403953538, 36.119336125399876 ], [ -115.206544046312018, 36.119340137179172 ], [ -115.206550807953548, 36.119182159380436 ], [ -115.206407179266208, 36.1191781479749 ], [ -115.206400403953538, 36.119336125399876 ] ] ] } },
{ "type": "Feature", "properties": { "id": "08b2986b8186afff02004c1ab69fc428", "height": 2.9054952 }, "geometry": { "type": "Polygon", "coordinates": [ [ [ -115.206290389495436, 36.119080010955273 ], [ -115.206321526191999, 36.119079790910263 ], [ -115.206321904615578, 36.119114454970131 ], [ -115.206391636670119, 36.119113962169479 ], [ -115.20639123459506, 36.119077131605138 ], [ -115.206419102211157, 36.119076934662921 ], [ -115.206417918338474, 36.118967622833843 ], [ -115.206289182237811, 36.11896853989964 ], [ -115.206290389495436, 36.119080010955273 ] ] ] } },
{ "type": "Feature", "properties": { "id": "08b2986b8186afff0200c47e758ac551", "height": 2.9109366 }, "geometry": { "type": "Polygon", "coordinates": [ [ [ -115.206159623265208, 36.119136460410388 ], [ -115.206242752921625, 36.119135449941105 ], [ -115.20624182483364, 36.119085627800423 ], [ -115.206271322453645, 36.119085269246568 ], [ -115.206269103112859, 36.11896612921619 ], [ -115.206118933410949, 36.118967954584015 ], [ -115.206120870290192, 36.119071931345403 ], [ -115.206158412715681, 36.119071475004063 ], [ -115.206159623265208, 36.119136460410388 ] ] ] } },
{ "type": "Feature", "properties": { "id": "08b2986b8186afff02007a7844f0d787", "height": 3.189271 }, "geometry": { "type": "Polygon", "coordinates": [ [ [ -115.206335094564238, 36.119161768074086 ], [ -115.206249317726687, 36.11916003194667 ], [ -115.206247974461903, 36.119203338130028 ], [ -115.206226530252522, 36.119202904098394 ], [ -115.206222738871816, 36.119325136182738 ], [ -115.206364806510024, 36.119328019664628 ], [ -115.206368598139719, 36.119205779557838 ], [ -115.206333751299454, 36.119205074256477 ], [ -115.206335094564238, 36.119161768074086 ] ] ] } },
{ "type": "Feature", "properties": { "id": "08b2986b8186afff02006ebcc5b20294", "height": 2.9204545 }, "geometry": { "type": "Polygon", "coordinates": [ [ [ -115.206182183552983, 36.11933089468998 ], [ -115.206180285616611, 36.119204273504664 ], [ -115.206039794940267, 36.11920565555878 ], [ -115.206041703726015, 36.119332268692922 ], [ -115.206182183552983, 36.11933089468998 ] ] ] } },
{ "type": "Feature", "properties": { "id": "08b2986b8186bfff02009b5e6c50d212", "height": 3.264731 }, "geometry": { "type": "Polygon", "coordinates": [ [ [ -115.206671284650412, 36.119474025504587 ], [ -115.2066496203892, 36.119625842206062 ], [ -115.20676344386213, 36.119636434440828 ], [ -115.206771072123118, 36.119582977896506 ], [ -115.206800189755711, 36.119585687539562 ], [ -115.206814225755934, 36.119487327406304 ], [ -115.206671284650412, 36.119474025504587 ] ] ] } },
{ "type": "Feature", "properties": { "id": "08b2986b8184cfff0200ca2a8c26f756", "height": 2.689551 }, "geometry": { "type": "Polygon", "coordinates": [ [ [ -115.206245937257677, 36.119558830077096 ], [ -115.206243018531595, 36.11944838076306 ], [ -115.206103607189334, 36.119450784710047 ], [ -115.206106525915388, 36.119561234020715 ], [ -115.206245937257677, 36.119558830077096 ] ] ] } },
{ "type": "Feature", "properties": { "id": "08b2986b8186afff02004e593172810b", "height": 3.2763586 }, "geometry": { "type": "Polygon", "coordinates": [ [ [ -115.205944084250518, 36.119142084001069 ], [ -115.206094121433992, 36.119138046296797 ], [ -115.206087248580104, 36.118971397506336 ], [ -115.20593721139663, 36.118975435219177 ], [ -115.205944084250518, 36.119142084001069 ] ] ] } },
{ "type": "Feature", "properties": { "id": "08b2986b81845fff0200bfdecfa6983a", "height": 3.081736 }, "geometry": { "type": "Polygon", "coordinates": [ [ [ -115.205735962872026, 36.118996016931405 ], [ -115.205759073489418, 36.11910995848843 ], [ -115.205896495122346, 36.119091770469957 ], [ -115.20587337489107, 36.118977830158968 ], [ -115.205735962872026, 36.118996016931405 ] ] ] } },
{ "type": "Feature", "properties": { "id": "08b2986b8186afff0200602bcaa8216f", "height": 2.8594098 }, "geometry": { "type": "Polygon", "coordinates": [ [ [ -115.205880228327203, 36.119326085147506 ], [ -115.206006281796022, 36.119325165816008 ], [ -115.206005124044793, 36.119222377750219 ], [ -115.205972940200894, 36.119222614292866 ], [ -115.205972574168243, 36.119190116965015 ], [ -115.205854566740669, 36.119190984288423 ], [ -115.20585562678724, 36.119285097933606 ], [ -115.20587976468552, 36.119284921891314 ], [ -115.205880228327203, 36.119326085147506 ] ] ] } },
{ "type": "Feature", "properties": { "id": "08b2986b81845fff020068331479c25b", "height": 2.7411904 }, "geometry": { "type": "Polygon", "coordinates": [ [ [ -115.205568836612343, 36.11901705114829 ], [ -115.205594739373865, 36.119134660650047 ], [ -115.205628537863049, 36.119129801365368 ], [ -115.205635938652051, 36.119163404049885 ], [ -115.205719134933133, 36.119151442737589 ], [ -115.205710086015486, 36.119110356849916 ], [ -115.205732472256884, 36.119107139594405 ], [ -115.205708208105136, 36.118997013363931 ], [ -115.205568836612343, 36.11901705114829 ] ] ] } },
{ "type": "Feature", "properties": { "id": "08b2986b81845fff0200a1f57e932818", "height": 2.740126 }, "geometry": { "type": "Polygon", "coordinates": [ [ [ -115.205480375810311, 36.119158166243196 ], [ -115.205579226085348, 36.119134839240346 ], [ -115.2055449746005, 36.119040151282803 ], [ -115.205446126188008, 36.119063483462789 ], [ -115.205480375810311, 36.119158166243196 ] ] ] } },
{ "type": "Feature", "properties": { "id": "08b2986b81840fff0200eae1548bdde9", "height": 2.8191226 }, "geometry": { "type": "Polygon", "coordinates": [ [ [ -115.205341071949093, 36.119114831802591 ], [ -115.205304714208324, 36.119127304811073 ], [ -115.205344281369634, 36.119202564205295 ], [ -115.205380639110444, 36.119190091208772 ], [ -115.205406695533739, 36.119239652241745 ], [ -115.205473471264213, 36.119216743967002 ], [ -115.205411716513851, 36.119099262919448 ], [ -115.205381289900771, 36.119109701177557 ], [ -115.205362401682635, 36.119073774486523 ], [ -115.205326043026247, 36.119086245760037 ], [ -115.205341071949093, 36.119114831802591 ] ] ] } },
{ "type": "Feature", "properties": { "id": "08b2986b81841fff0200d5129cbc90c2", "height": 3.1681519 }, "geometry": { "type": "Polygon", "coordinates": [ [ [ -115.205776211336882, 36.119194598419291 ], [ -115.205662021764141, 36.119203836769159 ], [ -115.205677031822418, 36.119324900371232 ], [ -115.205707259528239, 36.11932245655322 ], [ -115.205710980502374, 36.119352489023434 ], [ -115.205827827267825, 36.119343042321027 ], [ -115.205813889676946, 36.119230550124314 ], [ -115.205780998725587, 36.119233211120275 ], [ -115.205776211336882, 36.119194598419291 ] ] ] } },
{ "type": "Feature", "properties": { "id": "08b2986b8184cfff0200c58e1059da1b", "height": 2.3117118 }, "geometry": { "type": "Polygon", "coordinates": [ [ [ -115.205996324072103, 36.119439651503015 ], [ -115.205902144879616, 36.119451748853123 ], [ -115.205934994113505, 36.119618695407489 ], [ -115.206029173306035, 36.119606598083095 ], [ -115.205996324072103, 36.119439651503015 ] ] ] } },
{ "type": "Feature", "properties": { "id": "08b2986b81841fff0200d1f1bdfc936c", "height": 2.798015 }, "geometry": { "type": "Polygon", "coordinates": [ [ [ -115.205746748013738, 36.119594214977099 ], [ -115.205779394789005, 36.119587334122969 ], [ -115.205793438765426, 36.119630825147489 ], [ -115.205875375366205, 36.11961356027718 ], [ -115.205860016000315, 36.119566008535351 ], [ -115.205875083485125, 36.119562832809748 ], [ -115.205838679029725, 36.119450126522786 ], [ -115.20570904035381, 36.11947744275777 ], [ -115.205746748013738, 36.119594214977099 ] ] ] } },
{ "type": "Feature", "properties": { "id": "08b2986b81841fff0200169b248c92c3", "height": 2.9484262 }, "geometry": { "type": "Polygon", "coordinates": [ [ [ -115.205590233946936, 36.119267034910777 ], [ -115.205485805278045, 36.119284569843018 ], [ -115.205514886904808, 36.119397622017793 ], [ -115.205653730975413, 36.119374316174273 ], [ -115.205632127287544, 36.119290333796364 ], [ -115.205597716236483, 36.119296111858276 ], [ -115.205590233946936, 36.119267034910777 ] ] ] } },
{ "type": "Feature", "properties": { "id": "08b2986b81841fff0200daeb3a585d50", "height": 2.7837718 }, "geometry": { "type": "Polygon", "coordinates": [ [ [ -115.205387264756482, 36.119288148108211 ], [ -115.205335090023624, 36.119303401364313 ], [ -115.205399830759831, 36.119447903187634 ], [ -115.205487581139437, 36.119422254416264 ], [ -115.205437429589566, 36.119310315756202 ], [ -115.205401855908079, 36.119320715700923 ], [ -115.205387264756482, 36.119288148108211 ] ] ] } },
{ "type": "Feature", "properties": { "id": "08b2986b8184dfff02002493b2115c08", "height": 3.0430923 }, "geometry": { "type": "Polygon", "coordinates": [ [ [ -115.206710018202926, 36.119661868397159 ], [ -115.206661528678538, 36.119825844224444 ], [ -115.206801087013773, 36.119852773015204 ], [ -115.206833211323683, 36.119744139105173 ], [ -115.206800224808077, 36.119737774110291 ], [ -115.206816590022569, 36.119682432244794 ], [ -115.206710018202926, 36.119661868397159 ] ] ] } },
{ "type": "Feature", "properties": { "id": "08b2986b8184dfff0200b3874aa377e3", "height": 3.028436 }, "geometry": { "type": "Polygon", "coordinates": [ [ [ -115.206498876843099, 36.119800464302017 ], [ -115.206592666296146, 36.119813481888215 ], [ -115.206598729827036, 36.119784987120504 ], [ -115.206631640207519, 36.119789556806275 ], [ -115.206657155844397, 36.119669600470807 ], [ -115.206530467201901, 36.119652009418672 ], [ -115.206498876843099, 36.119800464302017 ] ] ] } },
{ "type": "Feature", "properties": { "id": "08b2986b8184dfff0200d0a53e14d630", "height": 2.6707125 }, "geometry": { "type": "Polygon", "coordinates": [ [ [ -115.206317660280021, 36.11979411329807 ], [ -115.206456930279998, 36.11979842812277 ], [ -115.206464428983978, 36.119640494724599 ], [ -115.206325158983987, 36.119636179891216 ], [ -115.206317660280021, 36.11979411329807 ] ] ] } },
{ "type": "Feature", "properties": { "id": "08b2986b8184cfff0200d7f18341c35e", "height": 2.922428 }, "geometry": { "type": "Polygon", "coordinates": [ [ [ -115.206281113393146, 36.119682459960508 ], [ -115.206246256041496, 36.119681951520462 ], [ -115.206246933881729, 36.119651628235303 ], [ -115.206153087165802, 36.119650259357726 ], [ -115.206149794799003, 36.119797543778517 ], [ -115.206278498866553, 36.119799421092836 ], [ -115.206281113393146, 36.119682459960508 ] ] ] } },
{ "type": "Feature", "properties": { "id": "08b2986b8184dfff020078bb82653312", "height": 3.025862 }, "geometry": { "type": "Polygon", "coordinates": [ [ [ -115.206661786902373, 36.119996701340817 ], [ -115.206634454407833, 36.120091207360495 ], [ -115.206784512202418, 36.120119534210971 ], [ -115.206829076052216, 36.119965448306431 ], [ -115.206713004080356, 36.119943537017406 ], [ -115.206695767830254, 36.120003116028947 ], [ -115.206661786902373, 36.119996701340817 ] ] ] } },
{ "type": "Feature", "properties": { "id": "08b2986b8184dfff02005c6dd8718a26", "height": 2.891108 }, "geometry": { "type": "Polygon", "coordinates": [ [ [ -115.206493022682238, 36.120089647912387 ], [ -115.206618023895743, 36.12009254539926 ], [ -115.20662404311426, 36.119922688364419 ], [ -115.206471282374807, 36.119919156049704 ], [ -115.206467293116987, 36.120031729431254 ], [ -115.206495057351248, 36.120032371427861 ], [ -115.206493022682238, 36.120089647912387 ] ] ] } },
{ "type": "Feature", "properties": { "id": "08b2986b81849fff02002b91e4fd79ec", "height": 3.8172798 }, "geometry": { "type": "Polygon", "coordinates": [ [ [ -115.206517245613355, 36.120274262624598 ], [ -115.206663099178286, 36.120308615144261 ], [ -115.206717866587041, 36.120156849776713 ], [ -115.206572013022125, 36.120122497190657 ], [ -115.206517245613355, 36.120274262624598 ] ] ] } },
{ "type": "Feature", "properties": { "id": "08b2986b81848fff02006ee0aa311f5e", "height": 2.2295082 }, "geometry": { "type": "Polygon", "coordinates": [ [ [ -115.206294314650151, 36.119925562564369 ], [ -115.206296764495605, 36.120045882526185 ], [ -115.206408423087296, 36.120044392726783 ], [ -115.206405962948836, 36.119924079212161 ], [ -115.206294314650151, 36.119925562564369 ] ] ] } },
{ "type": "Feature", "properties": { "id": "08b2986b81848fff02006c34678c6f5a", "height": 2.7569962 }, "geometry": { "type": "Polygon", "coordinates": [ [ [ -115.206249913884392, 36.120071399619178 ], [ -115.206247059125033, 36.119902432677392 ], [ -115.206099565101866, 36.119904058725773 ], [ -115.206102419861239, 36.120073025664063 ], [ -115.206249913884392, 36.120071399619178 ] ] ] } },
{ "type": "Feature", "properties": { "id": "08b2986b81848fff0200af0d3aec8f13", "height": 3.8398733 }, "geometry": { "type": "Polygon", "coordinates": [ [ [ -115.206306660802696, 36.120267018747789 ], [ -115.206311707439795, 36.120132810866288 ], [ -115.206319746649498, 36.120133008120483 ], [ -115.20632072341796, 36.120107032375046 ], [ -115.206165298697584, 36.120103218792622 ], [ -115.206159275291981, 36.120263402427014 ], [ -115.206306660802696, 36.120267018747789 ] ] ] } },
{ "type": "Feature", "properties": { "id": "08b2986b8184cfff020038c374198f80", "height": 1.8158522 }, "geometry": { "type": "Polygon", "coordinates": [ [ [ -115.206062237495985, 36.11980188878259 ], [ -115.206058409301619, 36.119639448625712 ], [ -115.205998423583907, 36.119640371075299 ], [ -115.206002265847417, 36.119802811013919 ], [ -115.206062237495985, 36.11980188878259 ] ] ] } },
{ "type": "Feature", "properties": { "id": "08b2986b8184efff0200bed3576a9af8", "height": 3.2257211 }, "geometry": { "type": "Polygon", "coordinates": [ [ [ -115.20578982287681, 36.119837567454823 ], [ -115.205730521939472, 36.119676297187759 ], [ -115.205580172282836, 36.119712371943685 ], [ -115.205639473220188, 36.119873642136632 ], [ -115.20578982287681, 36.119837567454823 ] ] ] } },
{ "type": "Feature", "properties": { "id": "08b2986b81843fff0200a3aa413e4242", "height": 2.2297761 }, "geometry": { "type": "Polygon", "coordinates": [ [ [ -115.205404638600243, 36.119729143144376 ], [ -115.205422941634126, 36.11975976757936 ], [ -115.205472168505253, 36.119740569813125 ], [ -115.205385595742513, 36.119595738074054 ], [ -115.205302942205321, 36.119627976485283 ], [ -115.205371208433405, 36.11974218231731 ], [ -115.205404638600243, 36.119729143144376 ] ] ] } },
{ "type": "Feature", "properties": { "id": "08b2986b8184efff02008d22b51d550b", "height": 3.1801314 }, "geometry": { "type": "Polygon", "coordinates": [ [ [ -115.205515290888854, 36.119784532137743 ], [ -115.205428602901321, 36.11981388907526 ], [ -115.205493224383147, 36.119938402894036 ], [ -115.205604173140458, 36.11990082381773 ], [ -115.205561545126812, 36.119818701096861 ], [ -115.20553728763997, 36.119826915906458 ], [ -115.205515290888854, 36.119784532137743 ] ] ] } },
{ "type": "Feature", "properties": { "id": "08b2986b81848fff0200310db6367ef7", "height": 2.6549644 }, "geometry": { "type": "Polygon", "coordinates": [ [ [ -115.205900082778527, 36.119923466735855 ], [ -115.205915219584114, 36.120037951207443 ], [ -115.20605672900939, 36.120025750670919 ], [ -115.206041600966088, 36.11991125742523 ], [ -115.205900082778527, 36.119923466735855 ] ] ] } },
{ "type": "Feature", "properties": { "id": "08b2986b8184efff02009d4ec707110b", "height": 3.2066917 }, "geometry": { "type": "Polygon", "coordinates": [ [ [ -115.205720842834779, 36.120064379778796 ], [ -115.205751517897653, 36.120053500895494 ], [ -115.205790027366987, 36.120124342649497 ], [ -115.205891218478911, 36.120088455334923 ], [ -115.205807841123928, 36.119935074777487 ], [ -115.205675984341752, 36.11998184518044 ], [ -115.205720842834779, 36.120064379778796 ] ] ] } },
{ "type": "Feature", "properties": { "id": "08b2986b81848fff02003896f0cc1fcb", "height": 3.0510933 }, "geometry": { "type": "Polygon", "coordinates": [ [ [ -115.206110803577062, 36.120127220100606 ], [ -115.206126891786781, 36.120126989982161 ], [ -115.206126179595259, 36.120094500525276 ], [ -115.205930439710173, 36.120097300300813 ], [ -115.205931104422305, 36.120127623793245 ], [ -115.205955236736884, 36.120127278615584 ], [ -115.205958512817929, 36.120276729943555 ], [ -115.206114032178675, 36.12027450546946 ], [ -115.206110803577062, 36.120127220100606 ] ] ] } },
{ "type": "Feature", "properties": { "id": "08b2986b8184afff02005a3180c801fb", "height": 3.6182675 }, "geometry": { "type": "Polygon", "coordinates": [ [ [ -115.20591301572783, 36.120302130288202 ], [ -115.205858690935017, 36.120150131665454 ], [ -115.205731533128514, 36.120179778932581 ], [ -115.205785845764481, 36.120331780332336 ], [ -115.20591301572783, 36.120302130288202 ] ] ] } },
{ "type": "Feature", "properties": { "id": "08b2986b8184afff0200c1c6cac9c778", "height": 2.7520986 }, "geometry": { "type": "Polygon", "coordinates": [ [ [ -115.205718127706078, 36.120145043900827 ], [ -115.20558150393947, 36.1200290558264 ], [ -115.205515340790015, 36.120079909107034 ], [ -115.205544048558892, 36.120104280844863 ], [ -115.205508854164222, 36.120131329396116 ], [ -115.205616771392016, 36.12022294667031 ], [ -115.205718127706078, 36.120145043900827 ] ] ] } },
{ "type": "Feature", "properties": { "id": "08b2986b81840fff0200cac86fc8bdc4", "height": 3.010968 }, "geometry": { "type": "Polygon", "coordinates": [ [ [ -115.20513058128887, 36.119164409511072 ], [ -115.205191761937186, 36.119316429023563 ], [ -115.205317904918346, 36.119283302445496 ], [ -115.205256726865898, 36.119131289318986 ], [ -115.20513058128887, 36.119164409511072 ] ] ] } },
{ "type": "Feature", "properties": { "id": "08b2986b81846fff0200c36754037c27", "height": 2.7261906 }, "geometry": { "type": "Polygon", "coordinates": [ [ [ -115.204720016104872, 36.118990855102098 ], [ -115.204720536462347, 36.119068853055609 ], [ -115.204889510722793, 36.119068117457971 ], [ -115.204888990365333, 36.118990119503735 ], [ -115.204720016104872, 36.118990855102098 ] ] ] } },
{ "type": "Feature", "properties": { "id": "08b2986b81840fff02005be6a125f044", "height": 2.2551556 }, "geometry": { "type": "Polygon", "coordinates": [ [ [ -115.204797068907723, 36.119277980722366 ], [ -115.205006270444784, 36.11927677431791 ], [ -115.205005662979858, 36.119208704446692 ], [ -115.204796461548369, 36.119209922679097 ], [ -115.204797068907723, 36.119277980722366 ] ] ] } },
{ "type": "Feature", "properties": { "id": "08b2986b81843fff020082e2bc7203ef", "height": 3.6032934 }, "geometry": { "type": "Polygon", "coordinates": [ [ [ -115.205367075022352, 36.119471310401842 ], [ -115.205279165326871, 36.119317834658673 ], [ -115.205133355583897, 36.119372332740753 ], [ -115.205221265279391, 36.119525808377411 ], [ -115.205367075022352, 36.119471310401842 ] ] ] } },
{ "type": "Feature", "properties": { "id": "08b2986b81842fff020068ddb038e855", "height": 2.6008005 }, "geometry": { "type": "Polygon", "coordinates": [ [ [ -115.204900432330419, 36.119415565436235 ], [ -115.205003969662016, 36.119417415178297 ], [ -115.205006299469588, 36.119332050199752 ], [ -115.204797188804022, 36.119328326159746 ], [ -115.204795356563892, 36.119395460100534 ], [ -115.204900931316516, 36.11939734027375 ], [ -115.204900432330419, 36.119415565436235 ] ] ] } },
{ "type": "Feature", "properties": { "id": "08b2986b81843fff0200f5327aa2ec58", "height": 2.3795846 }, "geometry": { "type": "Polygon", "coordinates": [ [ [ -115.204803704058151, 36.119509477008243 ], [ -115.20494313572604, 36.119511455625286 ], [ -115.204943183017974, 36.119509289636902 ], [ -115.205009207651983, 36.119510226565147 ], [ -115.205010177125402, 36.119465647414067 ], [ -115.204980681964884, 36.119465227192684 ], [ -115.204981294320504, 36.119437069322444 ], [ -115.204847225409097, 36.119435159224508 ], [ -115.204846518844903, 36.119467649074664 ], [ -115.204804630354531, 36.119467052283902 ], [ -115.204803704058151, 36.119509477008243 ] ] ] } },
{ "type": "Feature", "properties": { "id": "08b2986b81843fff02003201ce4a2123", "height": 2.5649588 }, "geometry": { "type": "Polygon", "coordinates": [ [ [ -115.204849557133613, 36.119548300894643 ], [ -115.204850330366042, 36.119576453591449 ], [ -115.204804755246613, 36.119577270386905 ], [ -115.204805944835002, 36.119620582207972 ], [ -115.205001649759566, 36.119617074794064 ], [ -115.204999686938763, 36.119545610273306 ], [ -115.204849557133613, 36.119548300894643 ] ] ] } },
{ "type": "Feature", "properties": { "id": "08b2986b81842fff0200ed3bddf91168", "height": 2.883976 }, "geometry": { "type": "Polygon", "coordinates": [ [ [ -115.204728777232489, 36.119186718569416 ], [ -115.204570557746692, 36.119188507602423 ], [ -115.204571917550922, 36.119267374427835 ], [ -115.204590689372623, 36.11926716323098 ], [ -115.204591309095491, 36.119303106300769 ], [ -115.204730756777877, 36.119301529528229 ], [ -115.204728777232489, 36.119186718569416 ] ] ] } },
{ "type": "Feature", "properties": { "id": "08b2986b81855fff02001032bc3a15ae", "height": 2.8537328 }, "geometry": { "type": "Polygon", "coordinates": [ [ [ -115.204224345204508, 36.119111116952368 ], [ -115.204425454609549, 36.119108399517764 ], [ -115.204423104132474, 36.118994890558838 ], [ -115.204221994962822, 36.118997619364201 ], [ -115.204224345204508, 36.119111116952368 ] ] ] } },
{ "type": "Feature", "properties": { "id": "08b2986b81855fff02004b6c9441c6ca", "height": 2.8009996 }, "geometry": { "type": "Polygon", "coordinates": [ [ [ -115.204099346381255, 36.119084231992609 ], [ -115.20419586870527, 36.11908270402283 ], [ -115.204194160386152, 36.119012536729748 ], [ -115.204129812258685, 36.119013559013808 ], [ -115.204129390416966, 36.11899623232803 ], [ -115.204028560003451, 36.118997834198183 ], [ -115.204029000993415, 36.119016012066247 ], [ -115.203990411985373, 36.119016622939299 ], [ -115.203992679387767, 36.119109753934268 ], [ -115.204099926414429, 36.119108056190619 ], [ -115.204099346381255, 36.119084231992609 ] ] ] } },
{ "type": "Feature", "properties": { "id": "08b2986b81855fff020003c9f7078d69", "height": 3.083442 }, "geometry": { "type": "Polygon", "coordinates": [ [ [ -115.204245578939151, 36.119253811072525 ], [ -115.204430611390308, 36.119256007896276 ], [ -115.20443280265016, 36.119135574809455 ], [ -115.204247770389316, 36.119133367523546 ], [ -115.204245578939151, 36.119253811072525 ] ] ] } },
{ "type": "Feature", "properties": { "id": "08b2986b81855fff020085cf905d636a", "height": 1.7729157 }, "geometry": { "type": "Polygon", "coordinates": [ [ [ -115.204189047166324, 36.119149504300239 ], [ -115.203993262618511, 36.119150965403591 ], [ -115.20399408027707, 36.119222459359293 ], [ -115.204143236087603, 36.119221346238469 ], [ -115.204142901654322, 36.119192324127788 ], [ -115.204189532875802, 36.119191973491546 ], [ -115.204189047166324, 36.119149504300239 ] ] ] } },
{ "type": "Feature", "properties": { "id": "08b2986b81842fff02005ff9b8960636", "height": 1.9450135 }, "geometry": { "type": "Polygon", "coordinates": [ [ [ -115.204626432913116, 36.119410253973179 ], [ -115.204721300559243, 36.119411578748498 ], [ -115.204722956928336, 36.119334492717606 ], [ -115.204561047609118, 36.119332222585612 ], [ -115.204559935111519, 36.119384206915669 ], [ -115.204626970222463, 36.119385146814942 ], [ -115.204626432913116, 36.119410253973179 ] ] ] } },
{ "type": "Feature", "properties": { "id": "08b2986b81842fff02006a6110c3c961", "height": 1.8991989 }, "geometry": { "type": "Polygon", "coordinates": [ [ [ -115.204559263259497, 36.119482656944491 ], [ -115.204760279168397, 36.119478224719408 ], [ -115.204758816006674, 36.119434923761489 ], [ -115.204557800097774, 36.119439355988995 ], [ -115.204559263259497, 36.119482656944491 ] ] ] } },
{ "type": "Feature", "properties": { "id": "08b2986b81842fff0200d03fa61e8c0f", "height": 2.8038754 }, "geometry": { "type": "Polygon", "coordinates": [ [ [ -115.204288543324708, 36.119279856289701 ], [ -115.204287928562536, 36.119305846821803 ], [ -115.204219870159406, 36.11930480022744 ], [ -115.204217777413149, 36.119393601266644 ], [ -115.204426913924067, 36.119396817340423 ], [ -115.20442961918144, 36.119282025738841 ], [ -115.204288543324708, 36.119279856289701 ] ] ] } },
{ "type": "Feature", "properties": { "id": "08b2986b81855fff02004bf364d54fa7", "height": 2.4714286 }, "geometry": { "type": "Polygon", "coordinates": [ [ [ -115.203982752785777, 36.119330045305716 ], [ -115.204178512955181, 36.119327754320523 ], [ -115.204177269728419, 36.119258435574658 ], [ -115.204080730466785, 36.119259565376581 ], [ -115.204080536212587, 36.119248734317161 ], [ -115.203981315304816, 36.119249895502634 ], [ -115.203982752785777, 36.119330045305716 ] ] ] } },
{ "type": "Feature", "properties": { "id": "08b2986b81855fff0200ac954d16ea22", "height": 2.8652322 }, "geometry": { "type": "Polygon", "coordinates": [ [ [ -115.204152777085554, 36.119456054530623 ], [ -115.204148026232474, 36.119344378440289 ], [ -115.204010371958304, 36.119348199630913 ], [ -115.204015132807143, 36.119459883220237 ], [ -115.204152777085554, 36.119456054530623 ] ] ] } },
{ "type": "Feature", "properties": { "id": "08b2986b81851fff02004472bcf98eca", "height": 2.5617616 }, "geometry": { "type": "Polygon", "coordinates": [ [ [ -115.20424579377007, 36.119550938949253 ], [ -115.204379896344676, 36.119551772930294 ], [ -115.204380150102423, 36.119524903270047 ], [ -115.20443211788448, 36.119525223518622 ], [ -115.204432799284746, 36.119453727935692 ], [ -115.204316456038327, 36.119453010976251 ], [ -115.20431614912647, 36.119485508994195 ], [ -115.204206184956604, 36.119484831345773 ], [ -115.204205808527036, 36.119524690377112 ], [ -115.204246039299406, 36.119524940571509 ], [ -115.20424579377007, 36.119550938949253 ] ] ] } },
{ "type": "Feature", "properties": { "id": "08b2986b81851fff02000508daa1de89", "height": 2.467421 }, "geometry": { "type": "Polygon", "coordinates": [ [ [ -115.204165595380758, 36.119521074755141 ], [ -115.204110288329815, 36.119521681364034 ], [ -115.204109817415173, 36.119493519954744 ], [ -115.203985447146991, 36.119494884050944 ], [ -115.203987282009862, 36.119604045968835 ], [ -115.204124049585488, 36.119602553633079 ], [ -115.204123634655147, 36.119577868099647 ], [ -115.204166542089084, 36.119577397490346 ], [ -115.204165595380758, 36.119521074755141 ] ] ] } },
{ "type": "Feature", "properties": { "id": "08b2986b81843fff0200d4d55887849f", "height": 2.7917745 }, "geometry": { "type": "Polygon", "coordinates": [ [ [ -115.205170368269023, 36.119668392896152 ], [ -115.205183677447394, 36.119706528470338 ], [ -115.205156345390932, 36.119712752723828 ], [ -115.205190965584848, 36.119811951913896 ], [ -115.205316118325868, 36.119783458334517 ], [ -115.205293409280642, 36.11971837266131 ], [ -115.205299944420574, 36.11971688443213 ], [ -115.205274727030002, 36.119644627548553 ], [ -115.205170368269023, 36.119668392896152 ] ] ] } },
{ "type": "Feature", "properties": { "id": "08b2986b8184efff0200332be007b8ea", "height": 3.1081269 }, "geometry": { "type": "Polygon", "coordinates": [ [ [ -115.20537064537487, 36.119856671685149 ], [ -115.205346947969986, 36.119815807047985 ], [ -115.205260363245017, 36.119848575189643 ], [ -115.205331464169731, 36.119971165689847 ], [ -115.205455431650421, 36.119924250047433 ], [ -115.205408036840666, 36.119842520822182 ], [ -115.20537064537487, 36.119856671685149 ] ] ] } },
{ "type": "Feature", "properties": { "id": "08b2986b81843fff020024893882c351", "height": 3.2445426 }, "geometry": { "type": "Polygon", "coordinates": [ [ [ -115.205009490773307, 36.119652959863735 ], [ -115.204813772382565, 36.11965621301885 ], [ -115.20481702727524, 36.119783991485455 ], [ -115.205012745665996, 36.119780738335635 ], [ -115.205009490773307, 36.119652959863735 ] ] ] } },
{ "type": "Feature", "properties": { "id": "08b2986b81843fff020066d7196b70d0", "height": 2.765105 }, "geometry": { "type": "Polygon", "coordinates": [ [ [ -115.204877008162057, 36.119853283640438 ], [ -115.204903922362334, 36.119924660918876 ], [ -115.204961268301446, 36.119910551279752 ], [ -115.204965753058246, 36.119922447720718 ], [ -115.205077767976292, 36.119894887090013 ], [ -115.205037396675905, 36.119787821107415 ], [ -115.204909763117584, 36.119819224657405 ], [ -115.204918734517676, 36.119843017101083 ], [ -115.204877008162057, 36.119853283640438 ] ] ] } },
{ "type": "Feature", "properties": { "id": "08b2986b8185dfff020016e3cfcc779e", "height": 2.5734372 }, "geometry": { "type": "Polygon", "coordinates": [ [ [ -115.205131142849595, 36.11991910661218 ], [ -115.204942295046607, 36.11998361509405 ], [ -115.204996744235231, 36.120087608403445 ], [ -115.205185587296342, 36.120023090950426 ], [ -115.205131142849595, 36.11991910661218 ] ] ] } },
{ "type": "Feature", "properties": { "id": "08b2986b8185dfff0200f672a41e2e36", "height": 2.9167135 }, "geometry": { "type": "Polygon", "coordinates": [ [ [ -115.205201829209756, 36.120218466935711 ], [ -115.205297387783375, 36.120303331285939 ], [ -115.205430955934716, 36.120205186208423 ], [ -115.205335402014342, 36.120120325884592 ], [ -115.205201829209756, 36.120218466935711 ] ] ] } },
{ "type": "Feature", "properties": { "id": "08b2986b8185cfff0200a8fe2d161720", "height": 2.286637 }, "geometry": { "type": "Polygon", "coordinates": [ [ [ -115.204709543574879, 36.120052975897487 ], [ -115.204780940375002, 36.120127522107083 ], [ -115.204901749721785, 36.120052022725503 ], [ -115.204830352921675, 36.119977476444198 ], [ -115.204709543574879, 36.120052975897487 ] ] ] } },
{ "type": "Feature", "properties": { "id": "08b2986b8185dfff020044b124b2ae74", "height": 3.0190263 }, "geometry": { "type": "Polygon", "coordinates": [ [ [ -115.205047410292025, 36.120169702073731 ], [ -115.204906814654194, 36.120277907327385 ], [ -115.205004040241789, 36.12036033855064 ], [ -115.205105265562878, 36.120282427865021 ], [ -115.205083833742918, 36.1202642572146 ], [ -115.205123199145547, 36.120233958586752 ], [ -115.205047410292025, 36.120169702073731 ] ] ] } },
{ "type": "Feature", "properties": { "id": "08b2986b81842fff02000d8a2c7c3119", "height": 3.6815186 }, "geometry": { "type": "Polygon", "coordinates": [ [ [ -115.204762700833143, 36.119680384835327 ], [ -115.2047560712208, 36.119554947392615 ], [ -115.204552594214562, 36.119561964716318 ], [ -115.204559223826891, 36.119687402147839 ], [ -115.204762700833143, 36.119680384835327 ] ] ] } },
{ "type": "Feature", "properties": { "id": "08b2986b8185cfff02005f0814033dbc", "height": 2.932838 }, "geometry": { "type": "Polygon", "coordinates": [ [ [ -115.204769499794097, 36.119712580884439 ], [ -115.204567766463796, 36.119759205353652 ], [ -115.20460082402424, 36.119852513925402 ], [ -115.204802546147988, 36.119805880697108 ], [ -115.204769499794097, 36.119712580884439 ] ] ] } },
{ "type": "Feature", "properties": { "id": "08b2986b8185cfff0200cf5ecfff3d97", "height": 2.598865 }, "geometry": { "type": "Polygon", "coordinates": [ [ [ -115.204310204254114, 36.119981468981941 ], [ -115.204481574905358, 36.11995094023829 ], [ -115.204452005601354, 36.119842666721716 ], [ -115.204280637473232, 36.119873204746419 ], [ -115.204310204254114, 36.119981468981941 ] ] ] } },
{ "type": "Feature", "properties": { "id": "08b2986b81851fff02003df2c43bc20b", "height": 2.8273516 }, "geometry": { "type": "Polygon", "coordinates": [ [ [ -115.204265579965153, 36.119681675786971 ], [ -115.204429152144783, 36.119679548809259 ], [ -115.204426854430565, 36.119564745897961 ], [ -115.204263282250935, 36.119566872878757 ], [ -115.204265579965153, 36.119681675786971 ] ] ] } },
{ "type": "Feature", "properties": { "id": "08b2986b8185cfff02000e2e8048a604", "height": 3.0019422 }, "geometry": { "type": "Polygon", "coordinates": [ [ [ -115.204227546971552, 36.11971438915252 ], [ -115.204234035794912, 36.119839835964953 ], [ -115.204448238551208, 36.119832606199864 ], [ -115.204441749727849, 36.119707159375871 ], [ -115.204227546971552, 36.11971438915252 ] ] ] } },
{ "type": "Feature", "properties": { "id": "08b2986b81851fff020027480f40af8d", "height": 2.7230988 }, "geometry": { "type": "Polygon", "coordinates": [ [ [ -115.204183104847573, 36.119627427633887 ], [ -115.203979776708124, 36.119648038852731 ], [ -115.203998333531601, 36.119767490389428 ], [ -115.20420166167105, 36.119746879201927 ], [ -115.204183104847573, 36.119627427633887 ] ] ] } },
{ "type": "Feature", "properties": { "id": "08b2986b81851fff0200890136fb10dd", "height": 2.9008007 }, "geometry": { "type": "Polygon", "coordinates": [ [ [ -115.204196934223901, 36.119774681845144 ], [ -115.203993837733748, 36.119813687089064 ], [ -115.204029686307095, 36.119935486111089 ], [ -115.204232785996012, 36.119896491795778 ], [ -115.204196934223901, 36.119774681845144 ] ] ] } },
{ "type": "Feature", "properties": { "id": "08b2986b8185cfff0200fb345a5419f8", "height": 2.2542517 }, "geometry": { "type": "Polygon", "coordinates": [ [ [ -115.204526104316741, 36.120006300111122 ], [ -115.204357258145279, 36.120050764716126 ], [ -115.204386815769666, 36.12012401841897 ], [ -115.204555671160932, 36.120079560973849 ], [ -115.204526104316741, 36.120006300111122 ] ] ] } },
{ "type": "Feature", "properties": { "id": "08b2986b8185efff0200bfb7d7fed83e", "height": 2.8639295 }, "geometry": { "type": "Polygon", "coordinates": [ [ [ -115.20423116615585, 36.120044595798852 ], [ -115.204219424615331, 36.120017595131912 ], [ -115.204251989479886, 36.120008352900967 ], [ -115.204214575836644, 36.119922334126095 ], [ -115.204050699127748, 36.119968834733399 ], [ -115.204099851263663, 36.120081864241357 ], [ -115.20423116615585, 36.120044595798852 ] ] ] } },
{ "type": "Feature", "properties": { "id": "08b2986b8185efff0200c523a5841a9b", "height": 2.8982022 }, "geometry": { "type": "Polygon", "coordinates": [ [ [ -115.204338970048752, 36.120175945602142 ], [ -115.204274383390739, 36.120047665854564 ], [ -115.204094865022924, 36.120106642930168 ], [ -115.204159451680951, 36.120234922581403 ], [ -115.204338970048752, 36.120175945602142 ] ] ] } },
{ "type": "Feature", "properties": { "id": "08b2986b81858fff02003a1bc83f045b", "height": 3.1622748 }, "geometry": { "type": "Polygon", "coordinates": [ [ [ -115.204184304627844, 36.120262718446945 ], [ -115.204257538528267, 36.120374374250503 ], [ -115.204442597312351, 36.120295173804585 ], [ -115.204369355858304, 36.120183521121163 ], [ -115.204184304627844, 36.120262718446945 ] ] ] } },
{ "type": "Feature", "properties": { "id": "08b2986b81854fff0200530d927cad27", "height": 2.7048976 }, "geometry": { "type": "Polygon", "coordinates": [ [ [ -115.203752411850743, 36.118907424197417 ], [ -115.203751746177332, 36.118936416859007 ], [ -115.203664885404891, 36.11893511549335 ], [ -115.203663349593143, 36.119002259390903 ], [ -115.203708931525711, 36.119002942308065 ], [ -115.203708485644867, 36.119022435686752 ], [ -115.203854327161139, 36.119024620711414 ], [ -115.20385698216667, 36.118908984979548 ], [ -115.203752411850743, 36.118907424197417 ] ] ] } },
{ "type": "Feature", "properties": { "id": "08b2986b81854fff02001e5831802bbb", "height": 2.8979745 }, "geometry": { "type": "Polygon", "coordinates": [ [ [ -115.203655524779023, 36.119052360958143 ], [ -115.203654637859486, 36.11912818767648 ], [ -115.203743142855771, 36.119128863184137 ], [ -115.203742889450197, 36.119150527947163 ], [ -115.203804574750663, 36.119150998755408 ], [ -115.203805005540147, 36.119114168654903 ], [ -115.203851643348926, 36.119114524614496 ], [ -115.203852358139912, 36.119053863275234 ], [ -115.203655524779023, 36.119052360958143 ] ] ] } },
{ "type": "Feature", "properties": { "id": "08b2986b81850fff0200b4d265999e04", "height": 3.5993378 }, "geometry": { "type": "Polygon", "coordinates": [ [ [ -115.203653970952672, 36.119165813358286 ], [ -115.203651520806901, 36.119276277937452 ], [ -115.203857984621294, 36.119279266152176 ], [ -115.203860434767037, 36.119168801577224 ], [ -115.203653970952672, 36.119165813358286 ] ] ] } },
{ "type": "Feature", "properties": { "id": "08b2986b81854fff0200c7d63bb2febf", "height": 2.4900453 }, "geometry": { "type": "Polygon", "coordinates": [ [ [ -115.20337002051339, 36.119057657802266 ], [ -115.203413302318097, 36.119140378100695 ], [ -115.20355439060117, 36.119092199224035 ], [ -115.203539963332943, 36.119064625783977 ], [ -115.203609615960801, 36.119040840760796 ], [ -115.203589414947729, 36.119002238885734 ], [ -115.203505219214833, 36.119030990110808 ], [ -115.203496561637792, 36.119014446450315 ], [ -115.20337002051339, 36.119057657802266 ] ] ] } },
{ "type": "Feature", "properties": { "id": "08b2986b81850fff020079ffbe5bc552", "height": 2.5875838 }, "geometry": { "type": "Polygon", "coordinates": [ [ [ -115.203413524870228, 36.119253366851638 ], [ -115.203448381687267, 36.119253887110737 ], [ -115.203447737636324, 36.11928204415814 ], [ -115.203581802317231, 36.11928404515389 ], [ -115.2035842794362, 36.119175748765194 ], [ -115.203415357938241, 36.119173227507048 ], [ -115.203413524870228, 36.119253366851638 ] ] ] } },
{ "type": "Feature", "properties": { "id": "08b2986b81850fff020027d18c8b8a1b", "height": 2.2814858 }, "geometry": { "type": "Polygon", "coordinates": [ [ [ -115.203655415789484, 36.119334822724433 ], [ -115.203654052074185, 36.119384631624762 ], [ -115.203813245308623, 36.119387475686246 ], [ -115.203813364267646, 36.119383144485639 ], [ -115.203858939457803, 36.119383958707701 ], [ -115.203860188527528, 36.119338481087318 ], [ -115.203655415789484, 36.119334822724433 ] ] ] } },
{ "type": "Feature", "properties": { "id": "08b2986b81850fff020077822874aa5d", "height": 2.5640607 }, "geometry": { "type": "Polygon", "coordinates": [ [ [ -115.203682286979756, 36.119515448081394 ], [ -115.203760064750298, 36.119514880834949 ], [ -115.203760305018349, 36.119536545673256 ], [ -115.203854174741423, 36.119535861065671 ], [ -115.203853045481594, 36.1194340362728 ], [ -115.20374844779019, 36.119434799122253 ], [ -115.203748697324855, 36.119457299549815 ], [ -115.203681647480622, 36.119457784765274 ], [ -115.203682286979756, 36.119515448081394 ] ] ] } },
{ "type": "Feature", "properties": { "id": "08b2986b81850fff0200710847941dcb", "height": 2.706737 }, "geometry": { "type": "Polygon", "coordinates": [ [ [ -115.203586207838597, 36.119331424529918 ], [ -115.203496050971822, 36.119332285946271 ], [ -115.203495860645702, 36.119319287777294 ], [ -115.203391269126897, 36.119320287111677 ], [ -115.203392823456824, 36.119426438760605 ], [ -115.20351618781234, 36.119425260060119 ], [ -115.203515807160102, 36.119399263750786 ], [ -115.203587197008019, 36.11939858164714 ], [ -115.203586207838597, 36.119331424529918 ] ] ] } },
{ "type": "Feature", "properties": { "id": "08b2986b81850fff0200fe391d6b891d", "height": 2.7688408 }, "geometry": { "type": "Polygon", "coordinates": [ [ [ -115.203612972882553, 36.119534628224066 ], [ -115.203614875337408, 36.119454491170231 ], [ -115.203400377211025, 36.119451180521722 ], [ -115.203398474756156, 36.119531317578961 ], [ -115.203612972882553, 36.119534628224066 ] ] ] } },
{ "type": "Feature", "properties": { "id": "08b2986b81854fff02000bde38f2bb54", "height": 1.002305 }, "geometry": { "type": "Polygon", "coordinates": [ [ [ -115.203333126415373, 36.119007932390716 ], [ -115.203304871908045, 36.118996889476236 ], [ -115.203358502140375, 36.118907349763823 ], [ -115.203275912041974, 36.118875070429652 ], [ -115.20319599248009, 36.119008502175518 ], [ -115.203306837085819, 36.119051824363147 ], [ -115.203333126415373, 36.119007932390716 ] ] ] } },
{ "type": "Feature", "properties": { "id": "08b2986b81856fff0200b8852a168a3a", "height": 2.6078093 }, "geometry": { "type": "Polygon", "coordinates": [ [ [ -115.202952371430996, 36.11906921624049 ], [ -115.203027467808269, 36.119069734214371 ], [ -115.203028498341155, 36.118972241037916 ], [ -115.203058000489378, 36.118972444527898 ], [ -115.203058802014937, 36.118896616418283 ], [ -115.202948839462522, 36.118895857954861 ], [ -115.202948266944247, 36.118950020898296 ], [ -115.202926810836459, 36.118949872905532 ], [ -115.202926307020363, 36.118997536264949 ], [ -115.202953127155112, 36.118997721255795 ], [ -115.202952371430996, 36.11906921624049 ] ] ] } },
{ "type": "Feature", "properties": { "id": "08b2986b81856fff020014458554d053", "height": 2.5685327 }, "geometry": { "type": "Polygon", "coordinates": [ [ [ -115.203155011950642, 36.119187002670827 ], [ -115.203024637489648, 36.119188159903196 ], [ -115.203025350986792, 36.119240948335481 ], [ -115.203046806101298, 36.119240759108308 ], [ -115.203047790916145, 36.119313621053848 ], [ -115.203255950916827, 36.119311773382911 ], [ -115.203254694726851, 36.119219425592505 ], [ -115.203155464898131, 36.119220300767793 ], [ -115.203155011950642, 36.119187002670827 ] ] ] } },
{ "type": "Feature", "properties": { "id": "08b2986b8180bfff0200856805d7feda", "height": 2.2245188 }, "geometry": { "type": "Polygon", "coordinates": [ [ [ -115.202754267194933, 36.118971485100246 ], [ -115.202757098071956, 36.119068151712177 ], [ -115.202867006952744, 36.119066045211824 ], [ -115.202866015304949, 36.119032183197525 ], [ -115.202898183811101, 36.119031568478228 ], [ -115.202895393532415, 36.118936288142159 ], [ -115.202782803760883, 36.118938439662273 ], [ -115.202783754992268, 36.118970921607129 ], [ -115.202754267194933, 36.118971485100246 ] ] ] } },
{ "type": "Feature", "properties": { "id": "08b2986b8180bfff0200e02f39382490", "height": 1.7286767 }, "geometry": { "type": "Polygon", "coordinates": [ [ [ -115.202721849499213, 36.118903510513341 ], [ -115.202622617566973, 36.118904307167362 ], [ -115.20262466994501, 36.119071124581339 ], [ -115.202723901877192, 36.119070327929002 ], [ -115.202721849499213, 36.118903510513341 ] ] ] } },
{ "type": "Feature", "properties": { "id": "08b2986b81856fff02000e77f7b091cb", "height": 3.2033942 }, "geometry": { "type": "Polygon", "coordinates": [ [ [ -115.202988261780888, 36.119186838791379 ], [ -115.202823608906385, 36.119186894644692 ], [ -115.202823697887837, 36.119358061232404 ], [ -115.20292293960388, 36.119358027567827 ], [ -115.202922901308071, 36.119284360980863 ], [ -115.202972210767186, 36.119284344254197 ], [ -115.202972193276338, 36.119243969336893 ], [ -115.202988286528452, 36.119243964787621 ], [ -115.202988261780888, 36.119186838791379 ] ] ] } },
{ "type": "Feature", "properties": { "id": "08b2986b818e5fff0200d0072bc8262c", "height": 1.6236066 }, "geometry": { "type": "Polygon", "coordinates": [ [ [ -115.20263442857555, 36.119630340187278 ], [ -115.202752356098571, 36.119627713324746 ], [ -115.202749325899688, 36.119538947866836 ], [ -115.20254563290537, 36.119543485179925 ], [ -115.202548515289678, 36.119627920612935 ], [ -115.202634280760989, 36.119626010167401 ], [ -115.20263442857555, 36.119630340187278 ] ] ] } },
{ "type": "Feature", "properties": { "id": "08b2986b81850fff020091b071f738ef", "height": 2.897541 }, "geometry": { "type": "Polygon", "coordinates": [ [ [ -115.203849434101656, 36.119558397900278 ], [ -115.203659022043055, 36.119556643177972 ], [ -115.203657339311064, 36.119675793781937 ], [ -115.203847751369665, 36.119677548501571 ], [ -115.203849434101656, 36.119558397900278 ] ] ] } },
{ "type": "Feature", "properties": { "id": "08b2986b81853fff02000f2c6ef92d93", "height": 3.3077142 }, "geometry": { "type": "Polygon", "coordinates": [ [ [ -115.203714959965353, 36.119713003378742 ], [ -115.203715572797705, 36.119744162421448 ], [ -115.203652205501143, 36.11974497207445 ], [ -115.203653520370707, 36.119812121488792 ], [ -115.203728603437909, 36.119811162142533 ], [ -115.203728926422343, 36.119827656710271 ], [ -115.203860321644527, 36.119825970427947 ], [ -115.203858073644255, 36.119711166703006 ], [ -115.203714959965353, 36.119713003378742 ] ] ] } },
{ "type": "Feature", "properties": { "id": "08b2986b81853fff0200186d9e81e1dc", "height": 3.0330017 }, "geometry": { "type": "Polygon", "coordinates": [ [ [ -115.203876213960484, 36.119851653265812 ], [ -115.203697664280469, 36.119872811285227 ], [ -115.203703824309116, 36.119906747710388 ], [ -115.203682818464415, 36.119909236887693 ], [ -115.203694516460743, 36.119973682678307 ], [ -115.203756584439944, 36.11996633118283 ], [ -115.203760287621222, 36.119986722750021 ], [ -115.203897774060778, 36.119970430721693 ], [ -115.203876213960484, 36.119851653265812 ] ] ] } },
{ "type": "Feature", "properties": { "id": "08b2986b81850fff020097fae8f95e37", "height": 2.1512146 }, "geometry": { "type": "Polygon", "coordinates": [ [ [ -115.203391222224198, 36.1195862483791 ], [ -115.20339369052013, 36.119667180963077 ], [ -115.20351699729558, 36.11966472707163 ], [ -115.203516179758694, 36.119637920987017 ], [ -115.203596597082381, 36.119636316078712 ], [ -115.203595606499448, 36.119603836001176 ], [ -115.203474980513946, 36.119606243364593 ], [ -115.203474320125324, 36.11958458997276 ], [ -115.203391222224198, 36.1195862483791 ] ] ] } },
{ "type": "Feature", "properties": { "id": "08b2986b81853fff0200012390765f92", "height": 2.5660994 }, "geometry": { "type": "Polygon", "coordinates": [ [ [ -115.203584705906451, 36.119696510021036 ], [ -115.203400708056165, 36.119693399669195 ], [ -115.203398204452768, 36.11979004092089 ], [ -115.203582210941178, 36.119793141011932 ], [ -115.203584705906451, 36.119696510021036 ] ] ] } },
{ "type": "Feature", "properties": { "id": "08b2986b81853fff0200e257f7a1678b", "height": 2.4975665 }, "geometry": { "type": "Polygon", "coordinates": [ [ [ -115.203557218201595, 36.119898454538856 ], [ -115.203616215297984, 36.119897790783298 ], [ -115.203614826406763, 36.119817640362939 ], [ -115.203409319676851, 36.119819952449141 ], [ -115.203411149824362, 36.11992609768317 ], [ -115.20355766865282, 36.119924449251997 ], [ -115.203557218201595, 36.119898454538856 ] ] ] } },
{ "type": "Feature", "properties": { "id": "08b2986b8185efff020030a8054f5c01", "height": 2.7974098 }, "geometry": { "type": "Polygon", "coordinates": [ [ [ -115.203881679887587, 36.1200913152175 ], [ -115.203874291394925, 36.120065364185706 ], [ -115.203922694020406, 36.120056374844786 ], [ -115.203905475032713, 36.119995895553949 ], [ -115.20368384534639, 36.120037069196911 ], [ -115.203708452086772, 36.120123496878179 ], [ -115.203881679887587, 36.1200913152175 ] ] ] } },
{ "type": "Feature", "properties": { "id": "08b2986b81853fff0200c32f2003f6ec", "height": 2.4614937 }, "geometry": { "type": "Polygon", "coordinates": [ [ [ -115.203400187064233, 36.120070990475554 ], [ -115.203511105446495, 36.120071987542111 ], [ -115.203511534595378, 36.120040836157806 ], [ -115.203599072627185, 36.120041618105184 ], [ -115.203600217921604, 36.119957956377107 ], [ -115.203401758876566, 36.119956172388179 ], [ -115.203400187064233, 36.120070990475554 ] ] ] } },
{ "type": "Feature", "properties": { "id": "08b2986b818edfff02003e54645a372f", "height": 2.4786189 }, "geometry": { "type": "Polygon", "coordinates": [ [ [ -115.203556180448956, 36.120230821251084 ], [ -115.203507901845498, 36.120230630188622 ], [ -115.203508033249548, 36.120208964309583 ], [ -115.203392701030154, 36.120208507882467 ], [ -115.203391965167413, 36.120329836728814 ], [ -115.203542165267081, 36.120330431144588 ], [ -115.203542375513578, 36.120295765779325 ], [ -115.203555786236777, 36.120295818852185 ], [ -115.203556180448956, 36.120230821251084 ] ] ] } },
{ "type": "Feature", "properties": { "id": "08b2986b818e1fff020057ff0d2a8ab4", "height": 1.6457832 }, "geometry": { "type": "Polygon", "coordinates": [ [ [ -115.202619852505819, 36.119717172523558 ], [ -115.202743202434547, 36.119718769504885 ], [ -115.202742901589275, 36.119733932184587 ], [ -115.202823347194979, 36.119734973693937 ], [ -115.202824937377002, 36.119654828069116 ], [ -115.202621141842599, 36.119652189576044 ], [ -115.202619852505819, 36.119717172523558 ] ] ] } },
{ "type": "Feature", "properties": { "id": "08b2986b818ecfff0200479670242e74", "height": 2.7648973 }, "geometry": { "type": "Polygon", "coordinates": [ [ [ -115.202836318020147, 36.120075823580997 ], [ -115.202938173658794, 36.120073692939997 ], [ -115.202938451305016, 36.120082353707403 ], [ -115.203034946120582, 36.120080335205557 ], [ -115.203032586127762, 36.120006718650245 ], [ -115.202992379954608, 36.120007559693455 ], [ -115.202991547015969, 36.119981577363617 ], [ -115.202833402734939, 36.119984885467986 ], [ -115.202836318020147, 36.120075823580997 ] ] ] } },
{ "type": "Feature", "properties": { "id": "08b2986b818e1fff020085bdf04d57a2", "height": 1.8039134 }, "geometry": { "type": "Polygon", "coordinates": [ [ [ -115.202791041011892, 36.120035229454125 ], [ -115.20267035617789, 36.12003630066765 ], [ -115.202670002547436, 36.120010304062561 ], [ -115.202592227876607, 36.120010994400381 ], [ -115.202593200360354, 36.120082485043056 ], [ -115.202657565605136, 36.1200819137295 ], [ -115.20265786029718, 36.120103577547916 ], [ -115.202791954557171, 36.120102387311704 ], [ -115.202791041011892, 36.120035229454125 ] ] ] } },
{ "type": "Feature", "properties": { "id": "08b2986b818ecfff020034dc99b49a6e", "height": 2.5619428 }, "geometry": { "type": "Polygon", "coordinates": [ [ [ -115.202861682702306, 36.12021887795246 ], [ -115.20286072087103, 36.120127885602258 ], [ -115.202688115202832, 36.120129066367632 ], [ -115.202689379001356, 36.120249613866484 ], [ -115.2027949446734, 36.120248885742939 ], [ -115.202794632325379, 36.120219336631898 ], [ -115.202861682702306, 36.12021887795246 ] ] ] } },
{ "type": "Feature", "properties": { "id": "08b2986b81b33fff020053349197689b", "height": 3.337705 }, "geometry": { "type": "Polygon", "coordinates": [ [ [ -115.207714915523127, 36.12054678291716 ], [ -115.207878528721423, 36.120546375919517 ], [ -115.207877909236132, 36.120383879975222 ], [ -115.207714296037821, 36.120384286973696 ], [ -115.207714915523127, 36.12054678291716 ] ] ] } },
{ "type": "Feature", "properties": { "id": "08b2986b81b33fff0200b86b3692d5b6", "height": 3.4218574 }, "geometry": { "type": "Polygon", "coordinates": [ [ [ -115.207533189593192, 36.120437620826777 ], [ -115.207536133357493, 36.120552403243352 ], [ -115.20767554859404, 36.120550078081976 ], [ -115.207671466868291, 36.120390924548936 ], [ -115.207568607461184, 36.120392645852469 ], [ -115.207569741431229, 36.120437011215905 ], [ -115.207533189593192, 36.120437620826777 ] ] ] } },
{ "type": "Feature", "properties": { "id": "08b2986b81b33fff020079913053bdaa", "height": 3.3154435 }, "geometry": { "type": "Polygon", "coordinates": [ [ [ -115.207507450032367, 36.120411314127288 ], [ -115.207384179288724, 36.120414296935955 ], [ -115.207388968302581, 36.120543137592605 ], [ -115.207512238787402, 36.120540147825942 ], [ -115.207507450032367, 36.120411314127288 ] ] ] } },
{ "type": "Feature", "properties": { "id": "08b2986b81b15fff020071856f949a30", "height": 3.3408072 }, "geometry": { "type": "Polygon", "coordinates": [ [ [ -115.207741111333505, 36.120889075668352 ], [ -115.207876086307962, 36.120885344188515 ], [ -115.207869163094571, 36.120721940749455 ], [ -115.207734201939232, 36.120725664224949 ], [ -115.207741111333505, 36.120889075668352 ] ] ] } },
{ "type": "Feature", "properties": { "id": "08b2986b81b15fff02006c433c9d4e07", "height": 3.0208776 }, "geometry": { "type": "Polygon", "coordinates": [ [ [ -115.207604012470867, 36.120861265808209 ], [ -115.207689657633992, 36.12085804589902 ], [ -115.207687105449352, 36.120813751113737 ], [ -115.207709530493872, 36.120812906755134 ], [ -115.207704476591289, 36.12072532469444 ], [ -115.207558944123932, 36.120730796131447 ], [ -115.207563741794289, 36.120814062814652 ], [ -115.207601211431381, 36.120812651989759 ], [ -115.207604012470867, 36.120861265808209 ] ] ] } },
{ "type": "Feature", "properties": { "id": "08b2986b81b15fff020059c3ac26a14f", "height": 3.101381 }, "geometry": { "type": "Polygon", "coordinates": [ [ [ -115.207399525424705, 36.120850054791305 ], [ -115.207431783708458, 36.120842643153793 ], [ -115.207453668817138, 36.1209047801282 ], [ -115.207534609397499, 36.120886183296776 ], [ -115.207516258322514, 36.120834067446197 ], [ -115.207531147035382, 36.120830646626807 ], [ -115.207494809487017, 36.120727450263658 ], [ -115.207366711820384, 36.120756889162287 ], [ -115.207399525424705, 36.120850054791305 ] ] ] } },
{ "type": "Feature", "properties": { "id": "08b2986b81b14fff02005973a02675ba", "height": 3.3330305 }, "geometry": { "type": "Polygon", "coordinates": [ [ [ -115.207348139461004, 36.120425120278384 ], [ -115.207315968097149, 36.120425684114274 ], [ -115.207314513916074, 36.120371543725952 ], [ -115.20721531887753, 36.120373282221088 ], [ -115.207219595551535, 36.120532506292044 ], [ -115.207350961754528, 36.120530196541957 ], [ -115.207348139461004, 36.120425120278384 ] ] ] } },
{ "type": "Feature", "properties": { "id": "08b2986b81b14fff020025c0238c1651", "height": 3.4944444 }, "geometry": { "type": "Polygon", "coordinates": [ [ [ -115.207103845278766, 36.120253137914169 ], [ -115.206956176999753, 36.120206035526785 ], [ -115.206878294028485, 36.120365357115084 ], [ -115.207025950365718, 36.120412455597794 ], [ -115.207103845278766, 36.120253137914169 ] ] ] } },
{ "type": "Feature", "properties": { "id": "08b2986b81b10fff0200970bf4b2b51c", "height": 3.3299644 }, "geometry": { "type": "Polygon", "coordinates": [ [ [ -115.207176318665276, 36.120851294844989 ], [ -115.207235884087851, 36.12097567940878 ], [ -115.207345539513909, 36.120941415399137 ], [ -115.2073130492834, 36.120873569268248 ], [ -115.207334047130942, 36.120867008067549 ], [ -115.207289824317215, 36.120774661843022 ], [ -115.207187168173675, 36.120806738856793 ], [ -115.207204315795337, 36.120842546574778 ], [ -115.207176318665276, 36.120851294844989 ] ] ] } },
{ "type": "Feature", "properties": { "id": "08b2986b81b10fff02009512c6d98b82", "height": 2.8915236 }, "geometry": { "type": "Polygon", "coordinates": [ [ [ -115.207080810230295, 36.120969645441221 ], [ -115.20703640665468, 36.120876228893771 ], [ -115.206905501530542, 36.120916829394119 ], [ -115.206978623937985, 36.121070664678562 ], [ -115.207083818019228, 36.121038044525129 ], [ -115.207055096121536, 36.1209776192647 ], [ -115.207080810230295, 36.120969645441221 ] ] ] } },
{ "type": "Feature", "properties": { "id": "08b2986b81b02fff020051970428469d", "height": 2.8097072 }, "geometry": { "type": "Polygon", "coordinates": [ [ [ -115.207779226776367, 36.121082632663544 ], [ -115.207886482037367, 36.121081110679022 ], [ -115.207883137629452, 36.120927328240711 ], [ -115.207800014802189, 36.120928507781016 ], [ -115.207801286619286, 36.12098698846119 ], [ -115.207777154185578, 36.120987330908136 ], [ -115.207779226776367, 36.121082632663544 ] ] ] } },
{ "type": "Feature", "properties": { "id": "08b2986b81b11fff02002433a32443c7", "height": 2.8835266 }, "geometry": { "type": "Polygon", "coordinates": [ [ [ -115.207747789534722, 36.120980922436587 ], [ -115.207709240706151, 36.120980015821402 ], [ -115.207710957306475, 36.120932390562601 ], [ -115.207665398373663, 36.120931319078792 ], [ -115.207663525718772, 36.12098327390585 ], [ -115.207623326660411, 36.120982328479585 ], [ -115.207621219923652, 36.121040777619648 ], [ -115.207666778856463, 36.121041849101964 ], [ -115.207665530419845, 36.121076485608384 ], [ -115.207744286740095, 36.12107833784593 ], [ -115.207747789534722, 36.120980922436587 ] ] ] } },
{ "type": "Feature", "properties": { "id": "08b2986b81b11fff0200e2d0772d8367", "height": 2.829426 }, "geometry": { "type": "Polygon", "coordinates": [ [ [ -115.207479363017129, 36.121104029803398 ], [ -115.207582824609759, 36.121101385962064 ], [ -115.207577790920851, 36.120972569646973 ], [ -115.207542956910373, 36.12097345782194 ], [ -115.207541478067355, 36.120935612950518 ], [ -115.207494272201799, 36.12093681924437 ], [ -115.207497239035774, 36.121012575097886 ], [ -115.207475802816361, 36.121013122876306 ], [ -115.207479363017129, 36.121104029803398 ] ] ] } },
{ "type": "Feature", "properties": { "id": "08b2986b81b11fff02009693fbfc2fee", "height": 3.6204786 }, "geometry": { "type": "Polygon", "coordinates": [ [ [ -115.207675543408598, 36.121196369150347 ], [ -115.20768179137788, 36.121395569420962 ], [ -115.207795437511493, 36.121393243583192 ], [ -115.207791351499878, 36.121263330646926 ], [ -115.207766172731922, 36.121263845946707 ], [ -115.207763999525213, 36.121194558837139 ], [ -115.207675543408598, 36.121196369150347 ] ] ] } },
{ "type": "Feature", "properties": { "id": "08b2986b81b11fff02005ebdc149267a", "height": 3.6276882 }, "geometry": { "type": "Polygon", "coordinates": [ [ [ -115.207542549471384, 36.121421566901262 ], [ -115.207652513162969, 36.121420864405366 ], [ -115.207650985931195, 36.121264878320098 ], [ -115.207626847559865, 36.121265032526829 ], [ -115.207626338482612, 36.121213037096297 ], [ -115.207540513162343, 36.121213585387231 ], [ -115.207542549471384, 36.121421566901262 ] ] ] } },
{ "type": "Feature", "properties": { "id": "08b2986b81b1efff020075297ff87e56", "height": 3.4833555 }, "geometry": { "type": "Polygon", "coordinates": [ [ [ -115.207573028574046, 36.121515039928319 ], [ -115.207710886854869, 36.121514034530158 ], [ -115.207710874482871, 36.121512927629752 ], [ -115.207767196316709, 36.121512520059667 ], [ -115.207766385360159, 36.121439965203024 ], [ -115.207613511907766, 36.121441080107623 ], [ -115.207613814262928, 36.121468131299622 ], [ -115.207572511648294, 36.121468430184052 ], [ -115.207573028574046, 36.121515039928319 ] ] ] } },
{ "type": "Feature", "properties": { "id": "08b2986b81b1efff0200c4f2bbec3d2e", "height": 3.6441188 }, "geometry": { "type": "Polygon", "coordinates": [ [ [ -115.207597292765101, 36.121626625621538 ], [ -115.207801081704773, 36.121623825984116 ], [ -115.207799485568771, 36.12154801683446 ], [ -115.207595696629099, 36.12155081647456 ], [ -115.207597292765101, 36.121626625621538 ] ] ] } },
{ "type": "Feature", "properties": { "id": "08b2986b81b10fff02007476b4277ec4", "height": 3.19995 }, "geometry": { "type": "Polygon", "coordinates": [ [ [ -115.207430678113283, 36.120973648627626 ], [ -115.207308402358422, 36.120976109611973 ], [ -115.207309470974309, 36.121010754001396 ], [ -115.207290707159927, 36.121011131651358 ], [ -115.207294848046487, 36.121145378515358 ], [ -115.207435872991368, 36.121142540181332 ], [ -115.207430678113283, 36.120973648627626 ] ] ] } },
{ "type": "Feature", "properties": { "id": "08b2986b81b11fff020041b69976c163", "height": 3.5930052 }, "geometry": { "type": "Polygon", "coordinates": [ [ [ -115.207356547680433, 36.121313288109391 ], [ -115.207355495535921, 36.121403238051975 ], [ -115.207475117011867, 36.12140415102732 ], [ -115.207475729689833, 36.121352157112824 ], [ -115.207506294006066, 36.121352390386022 ], [ -115.207507408990608, 36.12125706805724 ], [ -115.207389402328886, 36.121256167404788 ], [ -115.207388731294159, 36.121313535561036 ], [ -115.207356547680433, 36.121313288109391 ] ] ] } },
{ "type": "Feature", "properties": { "id": "08b2986b81b10fff02009b997a473b48", "height": 2.8687782 }, "geometry": { "type": "Polygon", "coordinates": [ [ [ -115.207143377013892, 36.121098594675026 ], [ -115.207011632667104, 36.12114016292238 ], [ -115.207060718713848, 36.121241672313886 ], [ -115.207192455429563, 36.121200106528043 ], [ -115.207143377013892, 36.121098594675026 ] ] ] } },
{ "type": "Feature", "properties": { "id": "08b2986b81b10fff0200121cc35c7527", "height": 3.1506884 }, "geometry": { "type": "Polygon", "coordinates": [ [ [ -115.206918371180663, 36.12109599688953 ], [ -115.206895094041144, 36.121036991342933 ], [ -115.206914573286724, 36.121031976199809 ], [ -115.206874226244892, 36.120929699807469 ], [ -115.206741240654992, 36.120963938428723 ], [ -115.206804877521776, 36.121125217035065 ], [ -115.206918371180663, 36.12109599688953 ] ] ] } },
{ "type": "Feature", "properties": { "id": "08b2986b81b10fff02006b080782f2c9", "height": 3.2093406 }, "geometry": { "type": "Polygon", "coordinates": [ [ [ -115.20703434341344, 36.12125966329144 ], [ -115.206975347323166, 36.12114516858194 ], [ -115.206947913502773, 36.121154392209618 ], [ -115.206926979406219, 36.121113765019281 ], [ -115.206830961034825, 36.121146047724352 ], [ -115.206910891221654, 36.121301169546967 ], [ -115.20703434341344, 36.12125966329144 ] ] ] } },
{ "type": "Feature", "properties": { "id": "08b2986b81b12fff0200741881a15102", "height": 2.3792388 }, "geometry": { "type": "Polygon", "coordinates": [ [ [ -115.206863395475892, 36.121316170914632 ], [ -115.206790786618527, 36.121154267771587 ], [ -115.206653265864631, 36.121194509804404 ], [ -115.206725877804161, 36.121356419737083 ], [ -115.206863395475892, 36.121316170914632 ] ] ] } },
{ "type": "Feature", "properties": { "id": "08b2986b81b13fff02009265dfcafe38", "height": 3.2702239 }, "geometry": { "type": "Polygon", "coordinates": [ [ [ -115.206831269414891, 36.121427039558526 ], [ -115.206855144003072, 36.121586039062827 ], [ -115.207001592797965, 36.121571690793324 ], [ -115.206977703407432, 36.12141268443159 ], [ -115.206831269414891, 36.121427039558526 ] ] ] } },
{ "type": "Feature", "properties": { "id": "08b2986b8184afff02000b88ddce55b8", "height": 3.5841286 }, "geometry": { "type": "Polygon", "coordinates": [ [ [ -115.205575076277356, 36.120329872067131 ], [ -115.205439190350859, 36.120453072061636 ], [ -115.205543858702782, 36.120528401541691 ], [ -115.205679744629279, 36.120405201665385 ], [ -115.205575076277356, 36.120329872067131 ] ] ] } },
{ "type": "Feature", "properties": { "id": "08b2986b8184afff02004b679f1753e9", "height": 3.5619988 }, "geometry": { "type": "Polygon", "coordinates": [ [ [ -115.205372569661463, 36.120322020401424 ], [ -115.20533429708523, 36.120345304658024 ], [ -115.20539101138759, 36.120406132815575 ], [ -115.205539905656053, 36.120315548603642 ], [ -115.205458146466725, 36.120227858775259 ], [ -115.205347527010261, 36.120295163717522 ], [ -115.205372569661463, 36.120322020401424 ] ] ] } },
{ "type": "Feature", "properties": { "id": "08b2986b81859fff0200f7c2e601fab5", "height": 3.5872078 }, "geometry": { "type": "Polygon", "coordinates": [ [ [ -115.205503318048656, 36.120532077717108 ], [ -115.205419713222796, 36.120477711913544 ], [ -115.205293185322077, 36.120604674781298 ], [ -115.205402232321859, 36.120675578608633 ], [ -115.205500498056182, 36.120576975171467 ], [ -115.20547506023145, 36.12056043514032 ], [ -115.205503318048656, 36.120532077717108 ] ] ] } },
{ "type": "Feature", "properties": { "id": "08b2986b8184bfff0200965afe56abac", "height": 3.9779685 }, "geometry": { "type": "Polygon", "coordinates": [ [ [ -115.206007236700501, 36.120701890663923 ], [ -115.206086805729669, 36.120570941274522 ], [ -115.206130035247753, 36.120588081041845 ], [ -115.206165045620594, 36.120530463253893 ], [ -115.20611317019889, 36.12050989551755 ], [ -115.206130144925098, 36.120481959597832 ], [ -115.20598237299329, 36.120423370450105 ], [ -115.205829116081972, 36.120675554750086 ], [ -115.205816956741586, 36.120670733097114 ], [ -115.205772399318761, 36.120744062658865 ], [ -115.20592369844357, 36.120804058588945 ], [ -115.205952812679669, 36.120756144413001 ], [ -115.206168960270077, 36.120841843010062 ], [ -115.206150924623458, 36.120871524788392 ], [ -115.206224414804197, 36.12090066227907 ], [ -115.206279582664436, 36.120809870955512 ], [ -115.206007236700501, 36.120701890663923 ] ] ] } },
{ "type": "Feature", "properties": { "id": "08b2986b81ba4fff020087c6cc2ddba3", "height": 3.8900955 }, "geometry": { "type": "Polygon", "coordinates": [ [ [ -115.205535827850824, 36.120882197561414 ], [ -115.205423952577135, 36.121040900376286 ], [ -115.205533327217481, 36.121091209363613 ], [ -115.205562814984191, 36.121049378984623 ], [ -115.205587119728364, 36.121060559798799 ], [ -115.205669507966803, 36.120943686443631 ], [ -115.205535827850824, 36.120882197561414 ] ] ] } },
{ "type": "Feature", "properties": { "id": "08b2986b81ba4fff0200b9dd29936717", "height": 1.8800311 }, "geometry": { "type": "Polygon", "coordinates": [ [ [ -115.205517759497567, 36.120876080640912 ], [ -115.205451213699746, 36.120839373032396 ], [ -115.20541819788815, 36.120878423225882 ], [ -115.205383445284994, 36.120859251233696 ], [ -115.205277797073762, 36.120984208931063 ], [ -115.205379106298565, 36.121040092430405 ], [ -115.205517759497567, 36.120876080640912 ] ] ] } },
{ "type": "Feature", "properties": { "id": "08b2986b81b12fff020027bfaf7001eb", "height": 3.6756415 }, "geometry": { "type": "Polygon", "coordinates": [ [ [ -115.206736042036425, 36.121144078708312 ], [ -115.206696486131193, 36.12099265813734 ], [ -115.206569082183378, 36.121014374573008 ], [ -115.206596183872051, 36.121118085829266 ], [ -115.206632133507284, 36.121111958100549 ], [ -115.206644600284093, 36.121159665236149 ], [ -115.206736042036425, 36.121144078708312 ] ] ] } },
{ "type": "Feature", "properties": { "id": "08b2986b81b12fff020087b19f9c218d", "height": 3.0833333 }, "geometry": { "type": "Polygon", "coordinates": [ [ [ -115.206636160235135, 36.121160198867983 ], [ -115.206628982502863, 36.121119867097406 ], [ -115.206605331630357, 36.121122614844062 ], [ -115.206612509362657, 36.121162946613218 ], [ -115.206636160235135, 36.121160198867983 ] ] ] } },
{ "type": "Feature", "properties": { "id": "08b2986b81b12fff0200e0708d971913", "height": 3.6204894 }, "geometry": { "type": "Polygon", "coordinates": [ [ [ -115.206553993374314, 36.121157659080879 ], [ -115.206534729873596, 36.121023967607982 ], [ -115.206394472851059, 36.121037154275562 ], [ -115.206413737479053, 36.121170853549387 ], [ -115.206553993374314, 36.121157659080879 ] ] ] } },
{ "type": "Feature", "properties": { "id": "08b2986b81b12fff02007b6ff815a9f6", "height": 3.5385227 }, "geometry": { "type": "Polygon", "coordinates": [ [ [ -115.20664456732078, 36.121249550031266 ], [ -115.206604887773167, 36.12125706502254 ], [ -115.206589110420666, 36.121202725017383 ], [ -115.206507754740571, 36.121218137745096 ], [ -115.206523530827269, 36.121272473379932 ], [ -115.206495564377093, 36.121277770002052 ], [ -115.206527490098026, 36.121387727713127 ], [ -115.206676481693407, 36.121359501507889 ], [ -115.20664456732078, 36.121249550031266 ] ] ] } },
{ "type": "Feature", "properties": { "id": "08b2986b81ba5fff0200fa25666d61d0", "height": 3.6150234 }, "geometry": { "type": "Polygon", "coordinates": [ [ [ -115.206208210955737, 36.121148518530639 ], [ -115.206242019165785, 36.121149101491703 ], [ -115.206240702877565, 36.121198910906948 ], [ -115.206350623358972, 36.121200806284442 ], [ -115.206354572223688, 36.121051377947509 ], [ -115.206210834904738, 36.121048899455829 ], [ -115.206208210955737, 36.121148518530639 ] ] ] } },
{ "type": "Feature", "properties": { "id": "08b2986b81ba5fff0200b6a5d8cbd9ce", "height": 3.3005297 }, "geometry": { "type": "Polygon", "coordinates": [ [ [ -115.206186790229268, 36.121048892488432 ], [ -115.206038453645306, 36.121035449373061 ], [ -115.206023594551255, 36.121142433553352 ], [ -115.20605008322697, 36.121144834106552 ], [ -115.206042356498045, 36.121200465820984 ], [ -115.206127120260319, 36.121208147585342 ], [ -115.206134846989244, 36.121152515876332 ], [ -115.206171931135216, 36.121155876650406 ], [ -115.206186790229268, 36.121048892488432 ] ] ] } },
{ "type": "Feature", "properties": { "id": "08b2986b81b12fff020075a5a7c6c362", "height": 2.9193065 }, "geometry": { "type": "Polygon", "coordinates": [ [ [ -115.206330906091964, 36.121271242975062 ], [ -115.206347324372729, 36.121398674271838 ], [ -115.206482651271415, 36.121387297703315 ], [ -115.206466232015515, 36.121259858819407 ], [ -115.206330906091964, 36.121271242975062 ] ] ] } },
{ "type": "Feature", "properties": { "id": "08b2986b81bacfff02001814948e89e4", "height": 3.2979383 }, "geometry": { "type": "Polygon", "coordinates": [ [ [ -115.206784217634137, 36.121609846120016 ], [ -115.206782393450069, 36.121553553030076 ], [ -115.206811877547537, 36.12155292961868 ], [ -115.20680907111047, 36.121466324785445 ], [ -115.206653609505722, 36.121469611867333 ], [ -115.206658240126842, 36.121612509784953 ], [ -115.206784217634137, 36.121609846120016 ] ] ] } },
{ "type": "Feature", "properties": { "id": "08b2986b81bacfff0200f09190da6b4c", "height": 1.9507965 }, "geometry": { "type": "Polygon", "coordinates": [ [ [ -115.206533758520479, 36.121629947083406 ], [ -115.206614170866786, 36.121628265031703 ], [ -115.206612852047286, 36.121587127188015 ], [ -115.20663429533964, 36.121586678640668 ], [ -115.206631310642848, 36.121493577124824 ], [ -115.206494609654129, 36.121496436617612 ], [ -115.206497941408685, 36.121600363880155 ], [ -115.206532786758757, 36.121599634990801 ], [ -115.206533758520479, 36.121629947083406 ] ] ] } },
{ "type": "Feature", "properties": { "id": "08b2986b81bacfff02003012b00e0dc3", "height": 2.7581532 }, "geometry": { "type": "Polygon", "coordinates": [ [ [ -115.20631881818116, 36.121518328823356 ], [ -115.206323695199984, 36.121632041085292 ], [ -115.206463002528977, 36.12162813474098 ], [ -115.206458125847519, 36.121514430339651 ], [ -115.20631881818116, 36.121518328823356 ] ] ] } },
{ "type": "Feature", "properties": { "id": "08b2986b81ba1fff0200e4a8ceff6946", "height": 3.1541746 }, "geometry": { "type": "Polygon", "coordinates": [ [ [ -115.206129536273053, 36.121510513630419 ], [ -115.206133868392797, 36.121670765770659 ], [ -115.206286681440332, 36.121668070330522 ], [ -115.206282349320588, 36.121507818184789 ], [ -115.206129536273053, 36.121510513630419 ] ] ] } },
{ "type": "Feature", "properties": { "id": "08b2986b81ba5fff02002ae1888d236d", "height": 3.7633135 }, "geometry": { "type": "Polygon", "coordinates": [ [ [ -115.20599074281057, 36.121023512213583 ], [ -115.2058597104391, 36.12100340709064 ], [ -115.205820601226151, 36.121169782849499 ], [ -115.20595162136533, 36.121189878645737 ], [ -115.20599074281057, 36.121023512213583 ] ] ] } },
{ "type": "Feature", "properties": { "id": "08b2986b81ba1fff020083e4574f59c3", "height": 2.810056 }, "geometry": { "type": "Polygon", "coordinates": [ [ [ -115.206011335466911, 36.121351870963458 ], [ -115.206036534374604, 36.121351624504712 ], [ -115.206037281221285, 36.121401449183836 ], [ -115.206104326617449, 36.12140079344455 ], [ -115.206101761361481, 36.121229656369536 ], [ -115.20603471596533, 36.121230312110264 ], [ -115.206035282443466, 36.12126810385292 ], [ -115.206010090750055, 36.121268348817175 ], [ -115.206011335466911, 36.121351870963458 ] ] ] } },
{ "type": "Feature", "properties": { "id": "08b2986b81ba1fff0200eb643e11d007", "height": 2.5077536 }, "geometry": { "type": "Polygon", "coordinates": [ [ [ -115.205883762398301, 36.121223658046965 ], [ -115.20588728975504, 36.121383936534123 ], [ -115.205977391000033, 36.121382642693597 ], [ -115.205974658265731, 36.121257980041463 ], [ -115.20593817341009, 36.12125850189674 ], [ -115.205937389630932, 36.121222887966276 ], [ -115.205883762398301, 36.121223658046965 ] ] ] } },
{ "type": "Feature", "properties": { "id": "08b2986b81ba0fff020003d80d8f7b83", "height": 1.8884711 }, "geometry": { "type": "Polygon", "coordinates": [ [ [ -115.205804919818007, 36.121391256625351 ], [ -115.205801397297705, 36.12122326110984 ], [ -115.20574613840364, 36.121224017132292 ], [ -115.205749675541384, 36.121392015569391 ], [ -115.205804919818007, 36.121391256625351 ] ] ] } },
{ "type": "Feature", "properties": { "id": "08b2986b81ba0fff02001b728b624587", "height": 3.741427 }, "geometry": { "type": "Polygon", "coordinates": [ [ [ -115.205747657294111, 36.12113478253103 ], [ -115.205825940470689, 36.120998177992639 ], [ -115.205699190845991, 36.120950776170659 ], [ -115.205620894540118, 36.121087383048 ], [ -115.205747657294111, 36.12113478253103 ] ] ] } },
{ "type": "Feature", "properties": { "id": "08b2986b81ba0fff020085d5138c0e0f", "height": 1.8830924 }, "geometry": { "type": "Polygon", "coordinates": [ [ [ -115.205664574641972, 36.121390891264319 ], [ -115.205661508095531, 36.121223155126465 ], [ -115.205606245440947, 36.121223817472178 ], [ -115.20560932646022, 36.121391550311699 ], [ -115.205664574641972, 36.121390891264319 ] ] ] } },
{ "type": "Feature", "properties": { "id": "08b2986b81ba0fff02007f192e0f6739", "height": 2.8614604 }, "geometry": { "type": "Polygon", "coordinates": [ [ [ -115.205452908482258, 36.121360080747294 ], [ -115.205474362596377, 36.121359857572692 ], [ -115.205474984237156, 36.121398850048479 ], [ -115.205560800693718, 36.121397957350474 ], [ -115.205557105384713, 36.121166168457179 ], [ -115.205449834814019, 36.121167284332955 ], [ -115.205452908482258, 36.121360080747294 ] ] ] } },
{ "type": "Feature", "properties": { "id": "08b2986b81ba1fff0200f1c545ce02be", "height": 3.0217738 }, "geometry": { "type": "Polygon", "coordinates": [ [ [ -115.205969244453186, 36.121675055060074 ], [ -115.206097941413915, 36.121673025101714 ], [ -115.206093834312298, 36.121503126722516 ], [ -115.205965137527429, 36.121505163958332 ], [ -115.205969244453186, 36.121675055060074 ] ] ] } },
{ "type": "Feature", "properties": { "id": "08b2986b81ba1fff020000b7c7313d07", "height": 3.3272727 }, "geometry": { "type": "Polygon", "coordinates": [ [ [ -115.20579992480765, 36.121679849182513 ], [ -115.205933992889229, 36.121677923991967 ], [ -115.205930322531529, 36.12151114834591 ], [ -115.20579625444995, 36.121513073540534 ], [ -115.20579992480765, 36.121679849182513 ] ] ] } },
{ "type": "Feature", "properties": { "id": "08b2986b81ba3fff020075fe4b46ff6e", "height": 3.0723336 }, "geometry": { "type": "Polygon", "coordinates": [ [ [ -115.205603114603676, 36.121683557561568 ], [ -115.205753286022812, 36.121685340437644 ], [ -115.205756323608909, 36.121517599051316 ], [ -115.205606152036054, 36.121515824659497 ], [ -115.205603114603676, 36.121683557561568 ] ] ] } },
{ "type": "Feature", "properties": { "id": "08b2986b81ba3fff0200c3ff8092b7da", "height": 2.9666002 }, "geometry": { "type": "Polygon", "coordinates": [ [ [ -115.20556781210847, 36.12152188482991 ], [ -115.205420653990132, 36.12151597795102 ], [ -115.205413740270146, 36.121628363771286 ], [ -115.205445847495952, 36.121629652543064 ], [ -115.205442789504417, 36.121679361603732 ], [ -115.205551400407245, 36.121683721200952 ], [ -115.205554196409281, 36.121638334828511 ], [ -115.205579361691193, 36.121639344953174 ], [ -115.205583616288138, 36.1215701844771 ], [ -115.205564887073066, 36.121569432693015 ], [ -115.20556781210847, 36.12152188482991 ] ] ] } },
{ "type": "Feature", "properties": { "id": "08b2986b81b1efff020090bc2a68bd35", "height": 3.6177208 }, "geometry": { "type": "Polygon", "coordinates": [ [ [ -115.207622641582347, 36.121660923367806 ], [ -115.20762035424984, 36.12178544668582 ], [ -115.207743708707412, 36.1217869251293 ], [ -115.20774418617367, 36.121760931687646 ], [ -115.207776365597383, 36.12176131736868 ], [ -115.207778175625108, 36.121662778704 ], [ -115.207622641582347, 36.121660923367806 ] ] ] } },
{ "type": "Feature", "properties": { "id": "08b2986b81b1efff020052d90a451ba3", "height": 3.8735974 }, "geometry": { "type": "Polygon", "coordinates": [ [ [ -115.207537537836345, 36.121794904056365 ], [ -115.207510393617994, 36.121907635568 ], [ -115.207592024248697, 36.121920460498067 ], [ -115.20758599010874, 36.121945511590447 ], [ -115.20771111677945, 36.121965170141941 ], [ -115.207744293046304, 36.121827387262265 ], [ -115.207537537836345, 36.121794904056365 ] ] ] } },
{ "type": "Feature", "properties": { "id": "08b2986b81b1afff020071821a6cb574", "height": 4.15783 }, "geometry": { "type": "Polygon", "coordinates": [ [ [ -115.207656979568142, 36.121999632205323 ], [ -115.207493942142335, 36.121918244075019 ], [ -115.207413576191342, 36.12202328710994 ], [ -115.207576613617121, 36.122104675131332 ], [ -115.207656979568142, 36.121999632205323 ] ] ] } },
{ "type": "Feature", "properties": { "id": "08b2986b81b1afff0200327b423fb167", "height": 3.4075704 }, "geometry": { "type": "Polygon", "coordinates": [ [ [ -115.207663010504945, 36.122211866719994 ], [ -115.207464302688521, 36.122322058967249 ], [ -115.20752187313235, 36.122389796377526 ], [ -115.207720580948774, 36.122279604225348 ], [ -115.207663010504945, 36.122211866719994 ] ] ] } },
{ "type": "Feature", "properties": { "id": "08b2986b81badfff0200aefbcf7c68b3", "height": 3.5846756 }, "geometry": { "type": "Polygon", "coordinates": [ [ [ -115.20696882755972, 36.121673829878524 ], [ -115.206972758872752, 36.121802729643434 ], [ -115.207168441027036, 36.12179882447419 ], [ -115.207164510051186, 36.121669935758987 ], [ -115.20696882755972, 36.121673829878524 ] ] ] } },
{ "type": "Feature", "properties": { "id": "08b2986b81bacfff0200e502c30fcccd", "height": 3.335111 }, "geometry": { "type": "Polygon", "coordinates": [ [ [ -115.206942979832405, 36.121848592093706 ], [ -115.206935645130841, 36.12163643053723 ], [ -115.206830033550148, 36.121638806882011 ], [ -115.206835523321516, 36.121798001527573 ], [ -115.206868785266551, 36.121797251228358 ], [ -115.206870616479094, 36.121850220322472 ], [ -115.206942979832405, 36.121848592093706 ] ] ] } },
{ "type": "Feature", "properties": { "id": "08b2986b81b1afff0200638ff00a13bc", "height": 3.7296622 }, "geometry": { "type": "Polygon", "coordinates": [ [ [ -115.207512015900704, 36.122152481030035 ], [ -115.2073941338559, 36.122052590181973 ], [ -115.207413807615396, 36.122037441423252 ], [ -115.207375656271196, 36.122005112716394 ], [ -115.207268859595501, 36.12208735199706 ], [ -115.207424889251485, 36.122219568269522 ], [ -115.207512015900704, 36.122152481030035 ] ] ] } },
{ "type": "Feature", "properties": { "id": "08b2986b81ba9fff020081d5d08f151a", "height": 3.475273 }, "geometry": { "type": "Polygon", "coordinates": [ [ [ -115.207221816768907, 36.122278589450801 ], [ -115.207152833478148, 36.122123059733738 ], [ -115.207010208217397, 36.12216433535486 ], [ -115.207079191508143, 36.122319864990175 ], [ -115.207221816768907, 36.122278589450801 ] ] ] } },
{ "type": "Feature", "properties": { "id": "08b2986b81badfff02003a9ce7920c74", "height": 3.1337485 }, "geometry": { "type": "Polygon", "coordinates": [ [ [ -115.206976803290658, 36.122131798123917 ], [ -115.207058685145554, 36.122129099338622 ], [ -115.207056281391957, 36.122081513631926 ], [ -115.207080381148842, 36.122080719315385 ], [ -115.207076068322991, 36.12199534074653 ], [ -115.207046613148563, 36.121996313241347 ], [ -115.207044916506462, 36.121962725754067 ], [ -115.206935128725078, 36.121966344312497 ], [ -115.206941247370594, 36.122087471686861 ], [ -115.206974504869464, 36.122086375535588 ], [ -115.206976803290658, 36.122131798123917 ] ] ] } },
{ "type": "Feature", "properties": { "id": "08b2986b81ba8fff020062416b160b8e", "height": 3.6403434 }, "geometry": { "type": "Polygon", "coordinates": [ [ [ -115.206758522533903, 36.122103526527027 ], [ -115.20690592530427, 36.122100151533566 ], [ -115.206901091913309, 36.121962753210404 ], [ -115.206753689435843, 36.121966136536386 ], [ -115.206758522533903, 36.122103526527027 ] ] ] } },
{ "type": "Feature", "properties": { "id": "08b2986b81ba9fff0200277ea377a048", "height": 3.5407357 }, "geometry": { "type": "Polygon", "coordinates": [ [ [ -115.206857583740117, 36.122320462650002 ], [ -115.206999498012621, 36.122315721053127 ], [ -115.206993406446884, 36.122196762478836 ], [ -115.206851492174394, 36.122201504082895 ], [ -115.206857583740117, 36.122320462650002 ] ] ] } },
{ "type": "Feature", "properties": { "id": "08b2986b81bacfff0200568326f4d97a", "height": 3.2729857 }, "geometry": { "type": "Polygon", "coordinates": [ [ [ -115.206798282525298, 36.121743211695652 ], [ -115.206680460150253, 36.121747081759658 ], [ -115.206685686771451, 36.121850906706783 ], [ -115.206803509146482, 36.121847036647907 ], [ -115.206798282525298, 36.121743211695652 ] ] ] } },
{ "type": "Feature", "properties": { "id": "08b2986b81bacfff020088d0e172e98b", "height": 3.3117137 }, "geometry": { "type": "Polygon", "coordinates": [ [ [ -115.20663578722035, 36.121738142713156 ], [ -115.206600993421134, 36.121739446869498 ], [ -115.206598509541294, 36.121696208000031 ], [ -115.206515539712385, 36.121699317912928 ], [ -115.206518768756169, 36.121755528436367 ], [ -115.206494680741329, 36.121756431313642 ], [ -115.206501014634924, 36.121866690299143 ], [ -115.206642866277917, 36.121861373362535 ], [ -115.20663578722035, 36.121738142713156 ] ] ] } },
{ "type": "Feature", "properties": { "id": "08b2986b81bacfff0200a9ec8d1dd2cb", "height": 3.2576935 }, "geometry": { "type": "Polygon", "coordinates": [ [ [ -115.206468729901033, 36.121759536171609 ], [ -115.206427440594325, 36.121760598266086 ], [ -115.20642603647336, 36.121724981845873 ], [ -115.206314592256334, 36.121727854853141 ], [ -115.206320189471157, 36.121869520308145 ], [ -115.206472920160692, 36.121865591586378 ], [ -115.206468729901033, 36.121759536171609 ] ] ] } },
{ "type": "Feature", "properties": { "id": "08b2986b81baefff020043e8fecdbdb4", "height": 2.691182 }, "geometry": { "type": "Polygon", "coordinates": [ [ [ -115.206167595367091, 36.121709570392717 ], [ -115.206179485610235, 36.121798334690453 ], [ -115.206203346315164, 36.121796250556123 ], [ -115.206213673484783, 36.121873345953041 ], [ -115.206293209167967, 36.121866398845036 ], [ -115.206270990981253, 36.121700533355508 ], [ -115.206167595367091, 36.121709570392717 ] ] ] } },
{ "type": "Feature", "properties": { "id": "08b2986b81ba8fff0200c72844b5fb61", "height": 2.849633 }, "geometry": { "type": "Polygon", "coordinates": [ [ [ -115.20657706573526, 36.122100644274667 ], [ -115.206619900163702, 36.122099140451205 ], [ -115.206621063735426, 36.122120765478222 ], [ -115.20673350411009, 36.122116817942583 ], [ -115.206726988108528, 36.121995717708558 ], [ -115.206694862287208, 36.121996845577641 ], [ -115.206693233286799, 36.121966570490386 ], [ -115.20661291873347, 36.121969390164104 ], [ -115.20661524587689, 36.12201264028365 ], [ -115.206572411448448, 36.122014144108753 ], [ -115.20657706573526, 36.122100644274667 ] ] ] } },
{ "type": "Feature", "properties": { "id": "08b2986b81ba8fff0200752c94ab5b8b", "height": 3.3736265 }, "geometry": { "type": "Polygon", "coordinates": [ [ [ -115.206419011855161, 36.122144282538869 ], [ -115.206552980106466, 36.122140753147264 ], [ -115.206546091355477, 36.121969774080313 ], [ -115.206388008818934, 36.121973938771461 ], [ -115.206392979183576, 36.122097303445578 ], [ -115.206417093468801, 36.122096668154704 ], [ -115.206419011855161, 36.122144282538869 ] ] ] } },
{ "type": "Feature", "properties": { "id": "08b2986b81ba8fff0200f74020bc4761", "height": 2.4873743 }, "geometry": { "type": "Polygon", "coordinates": [ [ [ -115.206668029995868, 36.122167330838543 ], [ -115.206673484165918, 36.122281990538617 ], [ -115.206693373522057, 36.122281373227153 ], [ -115.206695800136927, 36.122332293670709 ], [ -115.206793749326053, 36.122329248058989 ], [ -115.206791588245608, 36.122283817026435 ], [ -115.206815692474621, 36.122283067534092 ], [ -115.206809977503426, 36.122162925167828 ], [ -115.206668029995868, 36.122167330838543 ] ] ] } },
{ "type": "Feature", "properties": { "id": "08b2986b81ba8fff020012d98a1af1aa", "height": 2.4746819 }, "geometry": { "type": "Polygon", "coordinates": [ [ [ -115.206503441507778, 36.122177277948076 ], [ -115.206513609672498, 36.122335011446047 ], [ -115.206643538658511, 36.122329553793854 ], [ -115.206633384123805, 36.122171819712392 ], [ -115.206503441507778, 36.122177277948076 ] ] ] } },
{ "type": "Feature", "properties": { "id": "08b2986b81baefff020067a7ed0c0d37", "height": 2.663521 }, "geometry": { "type": "Polygon", "coordinates": [ [ [ -115.206196677645238, 36.122067883284537 ], [ -115.206191409508506, 36.121974914985579 ], [ -115.206053341500933, 36.121980027650324 ], [ -115.206061071710948, 36.122116236536044 ], [ -115.206176164824655, 36.122111974640127 ], [ -115.206173710789727, 36.12206873374727 ], [ -115.206196677645238, 36.122067883284537 ] ] ] } },
{ "type": "Feature", "properties": { "id": "08b2986b81ba8fff020044df00a558f6", "height": 3.327997 }, "geometry": { "type": "Polygon", "coordinates": [ [ [ -115.206454035633556, 36.122317515517409 ], [ -115.206440249802071, 36.122195031869907 ], [ -115.206314091374608, 36.122204289561026 ], [ -115.206327866680311, 36.122326773966492 ], [ -115.206454035633556, 36.122317515517409 ] ] ] } },
{ "type": "Feature", "properties": { "id": "08b2986b81baafff0200d522ce2c84d3", "height": 3.3283467 }, "geometry": { "type": "Polygon", "coordinates": [ [ [ -115.206283790596686, 36.122168761903836 ], [ -115.206159060875777, 36.12217280241638 ], [ -115.20616206789299, 36.122233369391594 ], [ -115.206146000480089, 36.122233889881272 ], [ -115.206151262760216, 36.122339881974781 ], [ -115.206292045485597, 36.12233532144861 ], [ -115.206283790596686, 36.122168761903836 ] ] ] } },
{ "type": "Feature", "properties": { "id": "08b2986b81baefff0200504803167020", "height": 2.9468782 }, "geometry": { "type": "Polygon", "coordinates": [ [ [ -115.205984349225545, 36.121870555289881 ], [ -115.205980135695583, 36.121784025342002 ], [ -115.205942642776165, 36.1217852165829 ], [ -115.205940114658176, 36.121733298569161 ], [ -115.205854416556718, 36.121736021407244 ], [ -115.205856733998203, 36.121783612919486 ], [ -115.205837987538501, 36.121784208539943 ], [ -115.205842411744982, 36.121875064982518 ], [ -115.205984349225545, 36.121870555289881 ] ] ] } },
{ "type": "Feature", "properties": { "id": "08b2986b81ba3fff02008fcb116fd0b4", "height": 2.746229 }, "geometry": { "type": "Polygon", "coordinates": [ [ [ -115.205688625741487, 36.121766970476536 ], [ -115.205693666989589, 36.121873924192613 ], [ -115.205815764305328, 36.121870176020842 ], [ -115.20581073198656, 36.121763215122314 ], [ -115.205688625741487, 36.121766970476536 ] ] ] } },
{ "type": "Feature", "properties": { "id": "08b2986b81ba3fff0200ecc8c67f45c7", "height": 2.5 }, "geometry": { "type": "Polygon", "coordinates": [ [ [ -115.205546884766648, 36.121711262497456 ], [ -115.205553960460179, 36.12187138623058 ], [ -115.205645039297224, 36.121868755042279 ], [ -115.205639535078674, 36.121744193986828 ], [ -115.205599353138538, 36.121745352538277 ], [ -115.205597781763828, 36.121709792124555 ], [ -115.205546884766648, 36.121711262497456 ] ] ] } },
{ "type": "Feature", "properties": { "id": "08b2986b81ba3fff020044ce89303f81", "height": 3.00238 }, "geometry": { "type": "Polygon", "coordinates": [ [ [ -115.205500405788015, 36.121865950230827 ], [ -115.205503011763142, 36.121772834199746 ], [ -115.205470841695401, 36.121772246752869 ], [ -115.205471932568713, 36.121733267916092 ], [ -115.205402230755354, 36.121731995113912 ], [ -115.205401079277962, 36.12177313944175 ], [ -115.205374270888214, 36.121772649902681 ], [ -115.205371725517168, 36.12186360044614 ], [ -115.205500405788015, 36.121865950230827 ] ] ] } },
{ "type": "Feature", "properties": { "id": "08b2986b81baefff02008ac15b87c5a4", "height": 2.92281 }, "geometry": { "type": "Polygon", "coordinates": [ [ [ -115.206009432229664, 36.121978052869601 ], [ -115.205874470536074, 36.121982890277579 ], [ -115.205881545123873, 36.122111675886771 ], [ -115.205920148356185, 36.122110290057883 ], [ -115.205922170848424, 36.122147049434759 ], [ -115.206001349355091, 36.122144206983293 ], [ -115.205998551345132, 36.122093272130151 ], [ -115.206015737666235, 36.122092656124792 ], [ -115.206009432229664, 36.121978052869601 ] ] ] } },
{ "type": "Feature", "properties": { "id": "08b2986b81baefff02005355a18ac64a", "height": 2.8859649 }, "geometry": { "type": "Polygon", "coordinates": [ [ [ -115.20591538295001, 36.122113672745797 ], [ -115.205883263325887, 36.122114856687311 ], [ -115.20588558402568, 36.122155936299308 ], [ -115.205917703649789, 36.122154752358405 ], [ -115.20591538295001, 36.122113672745797 ] ] ] } },
{ "type": "Feature", "properties": { "id": "08b2986b81b85fff020022860e16f4a5", "height": 3.2214713 }, "geometry": { "type": "Polygon", "coordinates": [ [ [ -115.205839350739865, 36.121979460924628 ], [ -115.205697258410225, 36.121981911022388 ], [ -115.205701665114304, 36.122148662389066 ], [ -115.205821178480335, 36.122146601624721 ], [ -115.205819606376465, 36.122086916964697 ], [ -115.205842180204755, 36.122086529000931 ], [ -115.205839350739865, 36.121979460924628 ] ] ] } },
{ "type": "Feature", "properties": { "id": "08b2986b81baafff02006f2d186eb12d", "height": 3.1734717 }, "geometry": { "type": "Polygon", "coordinates": [ [ [ -115.205981792182811, 36.12216552291266 ], [ -115.205984985595904, 36.122195634136176 ], [ -115.205950370906024, 36.122198029401375 ], [ -115.205966794173492, 36.122352886935126 ], [ -115.206087754613762, 36.122344516738153 ], [ -115.206083417180992, 36.122303651824183 ], [ -115.206120694317448, 36.122301072326614 ], [ -115.206105399159782, 36.122156969560706 ], [ -115.205981792182811, 36.12216552291266 ] ] ] } },
{ "type": "Feature", "properties": { "id": "08b2986b81b85fff0200a40b66870ab0", "height": 3.050964 }, "geometry": { "type": "Polygon", "coordinates": [ [ [ -115.205897663990015, 36.122248566869423 ], [ -115.205893022236893, 36.12221870520419 ], [ -115.205807402043618, 36.12222738417227 ], [ -115.205825296123422, 36.122342565801652 ], [ -115.205941483631676, 36.122330788367186 ], [ -115.205928228757756, 36.122245468645133 ], [ -115.205897663990015, 36.122248566869423 ] ] ] } },
{ "type": "Feature", "properties": { "id": "08b2986b81b85fff0200ef20ef0802b2", "height": 1.4326416 }, "geometry": { "type": "Polygon", "coordinates": [ [ [ -115.205657002196219, 36.121975408490812 ], [ -115.205533714093463, 36.121978147709335 ], [ -115.205537599232969, 36.122091953907628 ], [ -115.205561720771755, 36.122091416611681 ], [ -115.205563642361312, 36.122147705083712 ], [ -115.205646727661644, 36.122145854399008 ], [ -115.205644879979374, 36.122091730867687 ], [ -115.205660961005222, 36.12209137267039 ], [ -115.205657002196219, 36.121975408490812 ] ] ] } },
{ "type": "Feature", "properties": { "id": "08b2986b81b85fff0200b94a898afde2", "height": 2.251027 }, "geometry": { "type": "Polygon", "coordinates": [ [ [ -115.205359986707833, 36.122128139156906 ], [ -115.205440426750059, 36.122129312443533 ], [ -115.205441588761872, 36.122077331282156 ], [ -115.205465720774541, 36.122077683268373 ], [ -115.205467851129526, 36.121982384383564 ], [ -115.205363279074632, 36.12198085910812 ], [ -115.205359986707833, 36.122128139156906 ] ] ] } },
{ "type": "Feature", "properties": { "id": "08b2986b81b85fff0200b0b98e046e97", "height": 3.561388 }, "geometry": { "type": "Polygon", "coordinates": [ [ [ -115.205762720728089, 36.122180683000288 ], [ -115.205642143599434, 36.122183784617214 ], [ -115.20564854321141, 36.122346113759725 ], [ -115.205769120340065, 36.122343012149223 ], [ -115.205762720728089, 36.122180683000288 ] ] ] } },
{ "type": "Feature", "properties": { "id": "08b2986b81b85fff0200fd3aa0042605", "height": 2.9780025 }, "geometry": { "type": "Polygon", "coordinates": [ [ [ -115.205631265114519, 36.122331705138826 ], [ -115.205610169588468, 36.122209358652476 ], [ -115.205579711234748, 36.122212785313685 ], [ -115.205573844933383, 36.122178779925243 ], [ -115.205514846436245, 36.122185417445344 ], [ -115.205541806228737, 36.122341774587994 ], [ -115.205631265114519, 36.122331705138826 ] ] ] } },
{ "type": "Feature", "properties": { "id": "08b2986b81b85fff0200eed44611bede", "height": 3.055691 }, "geometry": { "type": "Polygon", "coordinates": [ [ [ -115.205447824493504, 36.122348566170409 ], [ -115.205446433490991, 36.122318275707066 ], [ -115.205472073912276, 36.122317507440208 ], [ -115.205466322045709, 36.122192017926672 ], [ -115.205369894951588, 36.122194907187236 ], [ -115.205377035199731, 36.122350687237216 ], [ -115.205447824493504, 36.122348566170409 ] ] ] } },
{ "type": "Feature", "properties": { "id": "08b2986b81859fff02005d752af1445c", "height": 2.8253658 }, "geometry": { "type": "Polygon", "coordinates": [ [ [ -115.2051774794392, 36.120269027401939 ], [ -115.20502350188201, 36.120382282253509 ], [ -115.205118862519939, 36.120466886013219 ], [ -115.205272845441868, 36.120353636043291 ], [ -115.2051774794392, 36.120269027401939 ] ] ] } },
{ "type": "Feature", "properties": { "id": "08b2986b81859fff020000bd9b7ec110", "height": 2.90453 }, "geometry": { "type": "Polygon", "coordinates": [ [ [ -115.205287578831758, 36.12038136683033 ], [ -115.205150602670486, 36.120500600403467 ], [ -115.205258150570216, 36.120581224778327 ], [ -115.205395136035307, 36.120461992221536 ], [ -115.205287578831758, 36.12038136683033 ] ] ] } },
{ "type": "Feature", "properties": { "id": "08b2986b81858fff020098abd6e7339e", "height": 2.9561985 }, "geometry": { "type": "Polygon", "coordinates": [ [ [ -115.204881686268664, 36.120424527714263 ], [ -115.204782950071831, 36.120336250530933 ], [ -115.20464117667369, 36.12043971124087 ], [ -115.204728689967041, 36.120517954252065 ], [ -115.204774469366328, 36.120484543687652 ], [ -115.204785693863698, 36.120494579172764 ], [ -115.204881686268664, 36.120424527714263 ] ] ] } },
{ "type": "Feature", "properties": { "id": "08b2986b81859fff02004cba06879643", "height": 2.8254123 }, "geometry": { "type": "Polygon", "coordinates": [ [ [ -115.204761977891238, 36.120545716932448 ], [ -115.20485340145018, 36.120638773465885 ], [ -115.205011390869487, 36.120537493534229 ], [ -115.204919967310545, 36.120444436880774 ], [ -115.204761977891238, 36.120545716932448 ] ] ] } },
{ "type": "Feature", "properties": { "id": "08b2986b81859fff020021c5f651cc20", "height": 2.6703188 }, "geometry": { "type": "Polygon", "coordinates": [ [ [ -115.205095900101441, 36.120739849130516 ], [ -115.205227308493406, 36.120828286451214 ], [ -115.205281390194287, 36.120775851633233 ], [ -115.205149981802307, 36.120687414253467 ], [ -115.205095900101441, 36.120739849130516 ] ] ] } },
{ "type": "Feature", "properties": { "id": "08b2986b81859fff020058136c622984", "height": 3.0926597 }, "geometry": { "type": "Polygon", "coordinates": [ [ [ -115.205138636729572, 36.120650536524323 ], [ -115.205047671584651, 36.120550889872987 ], [ -115.204880876372698, 36.120650242627953 ], [ -115.204971841517605, 36.120749889153174 ], [ -115.205138636729572, 36.120650536524323 ] ] ] } },
{ "type": "Feature", "properties": { "id": "08b2986b8185bfff02003c0a9488f4a6", "height": 2.8739548 }, "geometry": { "type": "Polygon", "coordinates": [ [ [ -115.204798551752248, 36.120723967799677 ], [ -115.204791547225653, 36.120706277898293 ], [ -115.204689349598496, 36.120732682336232 ], [ -115.204700245528784, 36.120760199949629 ], [ -115.204627247223684, 36.120779060250399 ], [ -115.204649817365009, 36.120836060976636 ], [ -115.204888278495005, 36.120774450688749 ], [ -115.204861816950014, 36.120707622194459 ], [ -115.204798551752248, 36.120723967799677 ] ] ] } },
{ "type": "Feature", "properties": { "id": "08b2986b81ba6fff0200ef3f8d1a7985", "height": 3.4656217 }, "geometry": { "type": "Polygon", "coordinates": [ [ [ -115.204987822772395, 36.120792039898674 ], [ -115.204873931227354, 36.120888022292903 ], [ -115.205024906464089, 36.121004914730477 ], [ -115.205138798009102, 36.120908932479146 ], [ -115.204987822772395, 36.120792039898674 ] ] ] } },
{ "type": "Feature", "properties": { "id": "08b2986b8185bfff0200337d1aca3f35", "height": 3.1944008 }, "geometry": { "type": "Polygon", "coordinates": [ [ [ -115.2046726311318, 36.120877413598386 ], [ -115.204743807890608, 36.121042436714347 ], [ -115.204884010572925, 36.12100298715098 ], [ -115.204812843516777, 36.120837953295059 ], [ -115.2046726311318, 36.120877413598386 ] ] ] } },
{ "type": "Feature", "properties": { "id": "08b2986b81858fff02000738098d8743", "height": 3.077061 }, "geometry": { "type": "Polygon", "coordinates": [ [ [ -115.204757470170335, 36.120319780392322 ], [ -115.204672290212528, 36.120215824447961 ], [ -115.20449883421098, 36.120308564036421 ], [ -115.204584014168788, 36.120412519857979 ], [ -115.204757470170335, 36.120319780392322 ] ] ] } },
{ "type": "Feature", "properties": { "id": "08b2986b81858fff0200e79dc9f67a15", "height": 3.3895657 }, "geometry": { "type": "Polygon", "coordinates": [ [ [ -115.204518934889592, 36.120387547778499 ], [ -115.204438173184784, 36.120314600779501 ], [ -115.204293065456199, 36.120419420091174 ], [ -115.204389821385178, 36.120506820388172 ], [ -115.204500651847667, 36.120426755271275 ], [ -115.204484658462405, 36.120412309458835 ], [ -115.204518934889592, 36.120387547778499 ] ] ] } },
{ "type": "Feature", "properties": { "id": "08b2986b81858fff0200487a55fae269", "height": 3.1229508 }, "geometry": { "type": "Polygon", "coordinates": [ [ [ -115.204566538327825, 36.12042419045649 ], [ -115.204424488043927, 36.120534607079591 ], [ -115.204532492981741, 36.120625271328677 ], [ -115.204674538298505, 36.120514850663483 ], [ -115.204566538327825, 36.12042419045649 ] ] ] } },
{ "type": "Feature", "properties": { "id": "08b2986b8185afff0200ccdf69d1071b", "height": 2.7441738 }, "geometry": { "type": "Polygon", "coordinates": [ [ [ -115.204200035939337, 36.120481715900503 ], [ -115.204039259383279, 36.12057762003036 ], [ -115.204112322863779, 36.120657535146634 ], [ -115.204173070614814, 36.120621298818399 ], [ -115.204185379794637, 36.120634762307965 ], [ -115.204285400018833, 36.120575094078021 ], [ -115.204200035939337, 36.120481715900503 ] ] ] } },
{ "type": "Feature", "properties": { "id": "08b2986b8185bfff02005dc4f17089af", "height": 2.9674864 }, "geometry": { "type": "Polygon", "coordinates": [ [ [ -115.204742234553748, 36.120696933742209 ], [ -115.20472848689522, 36.120661405555808 ], [ -115.204782243475719, 36.120647832718994 ], [ -115.204752007684135, 36.120569694045336 ], [ -115.20455805856561, 36.120618652745755 ], [ -115.204592110069001, 36.120706672051732 ], [ -115.20462234904727, 36.120699037108047 ], [ -115.20463227791177, 36.120724696343103 ], [ -115.204742234553748, 36.120696933742209 ] ] ] } },
{ "type": "Feature", "properties": { "id": "08b2986b8185bfff0200f4a22091b2e3", "height": 2.8517568 }, "geometry": { "type": "Polygon", "coordinates": [ [ [ -115.20451925614006, 36.120797217502727 ], [ -115.204428742383243, 36.120706926630284 ], [ -115.204299145794664, 36.120791697507713 ], [ -115.204323544265151, 36.120816035882477 ], [ -115.204293380945231, 36.12083576780315 ], [ -115.204359498650135, 36.120901716899418 ], [ -115.20451925614006, 36.120797217502727 ] ] ] } },
{ "type": "Feature", "properties": { "id": "08b2986b8185bfff0200dbc4922f3b04", "height": 3.0401077 }, "geometry": { "type": "Polygon", "coordinates": [ [ [ -115.204511371610067, 36.120945344329172 ], [ -115.20448187051916, 36.120945095819657 ], [ -115.204482278716014, 36.120913477045491 ], [ -115.204320339286667, 36.12091210375408 ], [ -115.204318818885, 36.121029088296837 ], [ -115.20451026951865, 36.12103071184908 ], [ -115.204511371610067, 36.120945344329172 ] ] ] } },
{ "type": "Feature", "properties": { "id": "08b2986b8185afff02000df5eb7eb67a", "height": 3.16 }, "geometry": { "type": "Polygon", "coordinates": [ [ [ -115.204414687955619, 36.120691352147638 ], [ -115.204317619202342, 36.120588814938522 ], [ -115.204143291800179, 36.120696497950412 ], [ -115.204240360553428, 36.120799035018912 ], [ -115.204414687955619, 36.120691352147638 ] ] ] } },
{ "type": "Feature", "properties": { "id": "08b2986b81bb4fff02005655f8e10f35", "height": 3.2658398 }, "geometry": { "type": "Polygon", "coordinates": [ [ [ -115.20428114972465, 36.120880512756301 ], [ -115.204139024678554, 36.120878793251386 ], [ -115.204136200059992, 36.121030422451774 ], [ -115.204278325106088, 36.121032141953357 ], [ -115.20428114972465, 36.120880512756301 ] ] ] } },
{ "type": "Feature", "properties": { "id": "08b2986b81bb4fff0200bcfcac8c9faa", "height": 3.1234283 }, "geometry": { "type": "Polygon", "coordinates": [ [ [ -115.203956711028965, 36.121032462760915 ], [ -115.204094521018618, 36.12103120060241 ], [ -115.20409221005049, 36.120866558663977 ], [ -115.203954414324258, 36.120867820694492 ], [ -115.203956711028965, 36.121032462760915 ] ] ] } },
{ "type": "Feature", "properties": { "id": "08b2986b81ba6fff020009605ae109eb", "height": 2.7706892 }, "geometry": { "type": "Polygon", "coordinates": [ [ [ -115.205412452063797, 36.121088998830942 ], [ -115.205212422939411, 36.121085447911987 ], [ -115.205209157532352, 36.121205471918366 ], [ -115.205366281458424, 36.121208270062588 ], [ -115.2053671680262, 36.121175786654881 ], [ -115.205410062521707, 36.12117655054255 ], [ -115.205412452063797, 36.121088998830942 ] ] ] } },
{ "type": "Feature", "properties": { "id": "08b2986b81ba0fff0200e37c40ca531a", "height": 2.419429 }, "geometry": { "type": "Polygon", "coordinates": [ [ [ -115.205429097168405, 36.121235254086322 ], [ -115.205198977169559, 36.121226160218747 ], [ -115.205189696095402, 36.121379622761502 ], [ -115.205419816094263, 36.121388716611307 ], [ -115.205429097168405, 36.121235254086322 ] ] ] } },
{ "type": "Feature", "properties": { "id": "08b2986b81ba6fff02008161606c363e", "height": 2.6693163 }, "geometry": { "type": "Polygon", "coordinates": [ [ [ -115.205041464178805, 36.121108725265096 ], [ -115.204925293336274, 36.121127252812613 ], [ -115.204932429163165, 36.121156447355595 ], [ -115.204880797677603, 36.121164681816687 ], [ -115.204896598437145, 36.121229326830722 ], [ -115.204940485199884, 36.121222327544594 ], [ -115.204947111324842, 36.121249436730608 ], [ -115.205071026890181, 36.121229674043853 ], [ -115.205041464178805, 36.121108725265096 ] ] ] } },
{ "type": "Feature", "properties": { "id": "08b2986b81bb5fff0200bc83e4d70b8c", "height": 2.8629646 }, "geometry": { "type": "Polygon", "coordinates": [ [ [ -115.204622849253241, 36.121262995469934 ], [ -115.204830784923431, 36.121280781735962 ], [ -115.204846514076607, 36.121160796878982 ], [ -115.204676756251772, 36.121146276222767 ], [ -115.204673947474433, 36.121167702107492 ], [ -115.204635778073879, 36.121164437193748 ], [ -115.204622849253241, 36.121262995469934 ] ] ] } },
{ "type": "Feature", "properties": { "id": "08b2986b81ba2fff020027256a7b4e92", "height": 2.9615712 }, "geometry": { "type": "Polygon", "coordinates": [ [ [ -115.205364630087217, 36.121607971793161 ], [ -115.205378842744949, 36.121505258051741 ], [ -115.205165852566495, 36.121486028014957 ], [ -115.205154593920597, 36.121567342462995 ], [ -115.205234066715221, 36.121574517738914 ], [ -115.205231103913675, 36.121595916261917 ], [ -115.205364630087217, 36.121607971793161 ] ] ] } },
{ "type": "Feature", "properties": { "id": "08b2986b81ba2fff0200bcc13e24aee7", "height": 1.9777282 }, "geometry": { "type": "Polygon", "coordinates": [ [ [ -115.205174043715289, 36.121623664456031 ], [ -115.205157968530912, 36.121695911243464 ], [ -115.205308668543097, 36.121717790006286 ], [ -115.205315673413921, 36.121686307994715 ], [ -115.205358303886655, 36.121692497126325 ], [ -115.205367373133612, 36.121651721289112 ], [ -115.205174043715289, 36.121623664456031 ] ] ] } },
{ "type": "Feature", "properties": { "id": "08b2986b81ba2fff02007aa9bbde43d7", "height": 2.8308644 }, "geometry": { "type": "Polygon", "coordinates": [ [ [ -115.204867083056385, 36.121270209637657 ], [ -115.204851763867566, 36.121378017733264 ], [ -115.205049259414238, 36.121396340122693 ], [ -115.205064589389366, 36.121288521886918 ], [ -115.204867083056385, 36.121270209637657 ] ] ] } },
{ "type": "Feature", "properties": { "id": "08b2986b81ba2fff0200c588d7a99eed", "height": 2.8231592 }, "geometry": { "type": "Polygon", "coordinates": [ [ [ -115.205014861428779, 36.121561696506909 ], [ -115.204847627240369, 36.121547902334406 ], [ -115.204833793611883, 36.121657257968955 ], [ -115.205001027800321, 36.121671052122252 ], [ -115.205014861428779, 36.121561696506909 ] ] ] } },
{ "type": "Feature", "properties": { "id": "08b2986b81bb5fff02004de775cefb55", "height": 1.8050449 }, "geometry": { "type": "Polygon", "coordinates": [ [ [ -115.204446608251274, 36.121219014388764 ], [ -115.204473418989735, 36.121219460017571 ], [ -115.204475184355275, 36.121150157735357 ], [ -115.204367941401429, 36.121148375218539 ], [ -115.204364962347114, 36.121265322786954 ], [ -115.204391773085561, 36.121265768415512 ], [ -115.204390669732092, 36.121309082285286 ], [ -115.204444291209029, 36.121309973541869 ], [ -115.204446608251274, 36.121219014388764 ] ] ] } },
{ "type": "Feature", "properties": { "id": "08b2986b81bb4fff02000763a9a55d69", "height": 2.6353192 }, "geometry": { "type": "Polygon", "coordinates": [ [ [ -115.204197638306553, 36.121141627710195 ], [ -115.204195345681399, 36.121230420357968 ], [ -115.204233932132794, 36.121231068258545 ], [ -115.2042332969028, 36.121255753333287 ], [ -115.204323398422289, 36.121257271310753 ], [ -115.204326328546813, 36.121143788535385 ], [ -115.204197638306553, 36.121141627710195 ] ] ] } },
{ "type": "Feature", "properties": { "id": "08b2986b81bb4fff0200ed6c8d16599e", "height": 2.8871922 }, "geometry": { "type": "Polygon", "coordinates": [ [ [ -115.204138665998073, 36.121143700152935 ], [ -115.203985796708793, 36.121142412425087 ], [ -115.203983643178688, 36.121309223419573 ], [ -115.204136512467983, 36.121310511144699 ], [ -115.204138665998073, 36.121143700152935 ] ] ] } },
{ "type": "Feature", "properties": { "id": "08b2986b81bb5fff020017aa5848b5f9", "height": 2.8265917 }, "geometry": { "type": "Polygon", "coordinates": [ [ [ -115.204601434226987, 36.121395220661313 ], [ -115.204717067550504, 36.121408635223546 ], [ -115.204721372326048, 36.121384411332471 ], [ -115.204763421221244, 36.121389287026844 ], [ -115.204778511206555, 36.121304372404119 ], [ -115.204620827849581, 36.121286088528954 ], [ -115.204601434226987, 36.121395220661313 ] ] ] } },
{ "type": "Feature", "properties": { "id": "08b2986b81bb5fff0200bdb21a557e6b", "height": 2.8498402 }, "geometry": { "type": "Polygon", "coordinates": [ [ [ -115.204748775301056, 36.121441243755136 ], [ -115.204610481651642, 36.121425364573106 ], [ -115.204592330626056, 36.121528560781108 ], [ -115.204730616859678, 36.121544431272788 ], [ -115.204748775301056, 36.121441243755136 ] ] ] } },
{ "type": "Feature", "properties": { "id": "08b2986b81bb1fff02004f55f3ca067c", "height": 3.2999275 }, "geometry": { "type": "Polygon", "coordinates": [ [ [ -115.204770016255722, 36.121561006409117 ], [ -115.204560985433773, 36.121556031241717 ], [ -115.20455680036838, 36.121670761509399 ], [ -115.204765831190329, 36.121675736669509 ], [ -115.204770016255722, 36.121561006409117 ] ] ] } },
{ "type": "Feature", "properties": { "id": "08b2986b81bb5fff02006d80e37bbb3e", "height": 2.9824967 }, "geometry": { "type": "Polygon", "coordinates": [ [ [ -115.20428634735714, 36.121446436319921 ], [ -115.204444524425156, 36.1214491816703 ], [ -115.204447587422749, 36.12133440463132 ], [ -115.204242213351648, 36.121330840115803 ], [ -115.204239736342828, 36.121423961266721 ], [ -115.204286925281224, 36.121424780286901 ], [ -115.20428634735714, 36.121446436319921 ] ] ] } },
{ "type": "Feature", "properties": { "id": "08b2986b81bb0fff02000ee977592f84", "height": 2.7767596 }, "geometry": { "type": "Polygon", "coordinates": [ [ [ -115.20415193049368, 36.121430698076047 ], [ -115.204153955980132, 36.121337562683784 ], [ -115.20398340850663, 36.121335142571525 ], [ -115.203981391087339, 36.121428278081105 ], [ -115.20415193049368, 36.121430698076047 ] ] ] } },
{ "type": "Feature", "properties": { "id": "08b2986b81bb0fff0200463bcf5f8e2a", "height": 2.7988715 }, "geometry": { "type": "Polygon", "coordinates": [ [ [ -115.204255593928266, 36.121585193011754 ], [ -115.204434174710315, 36.121587464614365 ], [ -115.204435796401015, 36.121504279859408 ], [ -115.204393967263982, 36.121503750144129 ], [ -115.204394513783669, 36.121475591201914 ], [ -115.204297977986059, 36.121474368692688 ], [ -115.204297414650512, 36.121503394056958 ], [ -115.204257191445635, 36.121502882404862 ], [ -115.204255593928266, 36.121585193011754 ] ] ] } },
{ "type": "Feature", "properties": { "id": "08b2986b81bb1fff02009248878e2937", "height": 3.0589862 }, "geometry": { "type": "Polygon", "coordinates": [ [ [ -115.204219557526628, 36.121704709532501 ], [ -115.204417978534153, 36.121701860247832 ], [ -115.204415889441577, 36.121606559832557 ], [ -115.204217468434052, 36.121609409120694 ], [ -115.204219557526628, 36.121704709532501 ] ] ] } },
{ "type": "Feature", "properties": { "id": "08b2986b81bb0fff0200afde814a2cd9", "height": 2.7396798 }, "geometry": { "type": "Polygon", "coordinates": [ [ [ -115.203985774128284, 36.121449449638533 ], [ -115.203983934276252, 36.121531753786357 ], [ -115.204018791627902, 36.12153226221443 ], [ -115.204018113787683, 36.121562584773265 ], [ -115.204176312537385, 36.121564892253531 ], [ -115.204178830229637, 36.121452265550701 ], [ -115.203985774128284, 36.121449449638533 ] ] ] } },
{ "type": "Feature", "properties": { "id": "08b2986b81bb0fff0200af817b115723", "height": 2.860257 }, "geometry": { "type": "Polygon", "coordinates": [ [ [ -115.204172923024913, 36.121676019319565 ], [ -115.20417349912374, 36.121608857956403 ], [ -115.204119857544754, 36.121608554695435 ], [ -115.204120024799266, 36.121589056224323 ], [ -115.203982155621247, 36.121588276785033 ], [ -115.203981168083288, 36.121702252278148 ], [ -115.204120636188634, 36.121703032871011 ], [ -115.204120872796679, 36.121675725055475 ], [ -115.204172923024913, 36.121676019319565 ] ] ] } },
{ "type": "Feature", "properties": { "id": "08b2986b8185efff0200618967b8e9c0", "height": 2.6763637 }, "geometry": { "type": "Polygon", "coordinates": [ [ [ -115.2040717352169, 36.120343090191845 ], [ -115.204010522065502, 36.120233163888756 ], [ -115.203842397673185, 36.120294243165354 ], [ -115.203892565894023, 36.120384348992808 ], [ -115.203952801485556, 36.120362465545874 ], [ -115.203963838494133, 36.120382288819556 ], [ -115.2040717352169, 36.120343090191845 ] ] ] } },
{ "type": "Feature", "properties": { "id": "08b2986b818edfff0200e3d349b687d9", "height": 1.9222374 }, "geometry": { "type": "Polygon", "coordinates": [ [ [ -115.203512435894439, 36.120418834201018 ], [ -115.203598259748844, 36.120418213132432 ], [ -115.203597830644597, 36.120379216808203 ], [ -115.203520052776526, 36.120379779651891 ], [ -115.203519871115418, 36.120363270568902 ], [ -115.203394794316125, 36.120364168622729 ], [ -115.203395683309026, 36.120444327728002 ], [ -115.203512707172237, 36.120443487495265 ], [ -115.203512435894439, 36.120418834201018 ] ] ] } },
{ "type": "Feature", "properties": { "id": "08b2986b818edfff0200b4a11c952ce8", "height": 2.0781064 }, "geometry": { "type": "Polygon", "coordinates": [ [ [ -115.203595284734348, 36.120563177973487 ], [ -115.203598915020095, 36.120491799612552 ], [ -115.203392732929984, 36.120484957184615 ], [ -115.203389102644223, 36.120556335551761 ], [ -115.203595284734348, 36.120563177973487 ] ] ] } },
{ "type": "Feature", "properties": { "id": "08b2986b81bb4fff0200dd8e7dfcbfeb", "height": 1.975661 }, "geometry": { "type": "Polygon", "coordinates": [ [ [ -115.203925984955859, 36.120936590123186 ], [ -115.203897528760578, 36.120937219154541 ], [ -115.203895147068877, 36.12086709602908 ], [ -115.203808360820929, 36.120869019369131 ], [ -115.203811221285648, 36.120953454188331 ], [ -115.203781739121482, 36.120954107565623 ], [ -115.203784452895718, 36.121034212309517 ], [ -115.203929183519847, 36.12103100482414 ], [ -115.203925984955859, 36.120936590123186 ] ] ] } },
{ "type": "Feature", "properties": { "id": "08b2986b818e9fff020056991506e071", "height": 1.1239316 }, "geometry": { "type": "Polygon", "coordinates": [ [ [ -115.203387732148784, 36.120923119531355 ], [ -115.203612975471103, 36.120926137530056 ], [ -115.20361385172373, 36.120883644846607 ], [ -115.203388608663971, 36.12088061411562 ], [ -115.203387732148784, 36.120923119531355 ] ] ] } },
{ "type": "Feature", "properties": { "id": "08b2986b818ecfff0200c186cc188399", "height": 3.0818515 }, "geometry": { "type": "Polygon", "coordinates": [ [ [ -115.203199794302861, 36.120263827583777 ], [ -115.202998723278796, 36.12026735156519 ], [ -115.203001689808175, 36.120377798064332 ], [ -115.203202760832241, 36.120374274087865 ], [ -115.203199794302861, 36.120263827583777 ] ] ] } },
{ "type": "Feature", "properties": { "id": "08b2986b818e8fff02006b6604724fed", "height": 2.6801102 }, "geometry": { "type": "Polygon", "coordinates": [ [ [ -115.203241296514449, 36.120412879113758 ], [ -115.203010874810289, 36.120406769442326 ], [ -115.203008028251986, 36.120476819996526 ], [ -115.203088407731755, 36.120478955814804 ], [ -115.203087560655405, 36.120499801385186 ], [ -115.203162581675372, 36.120501790578217 ], [ -115.203163900896499, 36.120469326068942 ], [ -115.203238921916451, 36.120471315262783 ], [ -115.203241296514449, 36.120412879113758 ] ] ] } },
{ "type": "Feature", "properties": { "id": "08b2986b818e8fff0200306715179885", "height": 2.9703965 }, "geometry": { "type": "Polygon", "coordinates": [ [ [ -115.203232823130023, 36.120634512889978 ], [ -115.20323032345631, 36.120522690906576 ], [ -115.20303895765268, 36.120525471378109 ], [ -115.203041447881688, 36.120637304314251 ], [ -115.203232823130023, 36.120634512889978 ] ] ] } },
{ "type": "Feature", "properties": { "id": "08b2986b818eefff020039764be47923", "height": 1.8989071 }, "geometry": { "type": "Polygon", "coordinates": [ [ [ -115.202736496437439, 36.12033551852646 ], [ -115.202804499361207, 36.120334426663909 ], [ -115.202805141124884, 36.120360415996323 ], [ -115.202900686083396, 36.120358881916275 ], [ -115.202900046570633, 36.120332892547211 ], [ -115.202943918953039, 36.120332188127335 ], [ -115.202942902827218, 36.120291038332255 ], [ -115.202874903661254, 36.12029213013507 ], [ -115.202874583904872, 36.120279135440569 ], [ -115.202735164119176, 36.120281373981769 ], [ -115.202736496437439, 36.12033551852646 ] ] ] } },
{ "type": "Feature", "properties": { "id": "08b2986b818e8fff02006102652e54cf", "height": 2.082137 }, "geometry": { "type": "Polygon", "coordinates": [ [ [ -115.202900113409129, 36.120385721496469 ], [ -115.202761774330767, 36.120389483435076 ], [ -115.202766767437694, 36.120509292611317 ], [ -115.202938234893537, 36.120504639493682 ], [ -115.202936578535656, 36.120464895345343 ], [ -115.202974086953333, 36.120463875357146 ], [ -115.2029717419272, 36.120407606644179 ], [ -115.20290110347527, 36.120409527557996 ], [ -115.202900113409129, 36.120385721496469 ] ] ] } },
{ "type": "Feature", "properties": { "id": "08b2986b818e8fff0200c75756082bd3", "height": 2.9619954 }, "geometry": { "type": "Polygon", "coordinates": [ [ [ -115.20295064912014, 36.120618214149914 ], [ -115.202951164788246, 36.120529384267499 ], [ -115.202792917936065, 36.120528784848034 ], [ -115.202792251340682, 36.120643613702264 ], [ -115.202910265942322, 36.120644060726299 ], [ -115.202910416869571, 36.120618061755302 ], [ -115.20295064912014, 36.120618214149914 ] ] ] } },
{ "type": "Feature", "properties": { "id": "08b2986b818e8fff0200c094e0c7e0b1", "height": 1.7544484 }, "geometry": { "type": "Polygon", "coordinates": [ [ [ -115.203049598261742, 36.120807486237538 ], [ -115.203127244484691, 36.120804843608155 ], [ -115.203126158061096, 36.120784014768326 ], [ -115.203048511609566, 36.120786653016424 ], [ -115.203049598261742, 36.120807486237538 ] ] ] } },
{ "type": "Feature", "properties": { "id": "08b2986b818ebfff0200999c0398f96d", "height": 2.9188323 }, "geometry": { "type": "Polygon", "coordinates": [ [ [ -115.203108531880659, 36.120895809607099 ], [ -115.203231834346241, 36.120898333083609 ], [ -115.203235501632562, 36.120781410506417 ], [ -115.203132630612529, 36.12077930517146 ], [ -115.203131609109647, 36.120811783625925 ], [ -115.203041487778421, 36.12080993922396 ], [ -115.203039518309822, 36.120872730977212 ], [ -115.203109211007757, 36.120874157290437 ], [ -115.203108531880659, 36.120895809607099 ] ] ] } },
{ "type": "Feature", "properties": { "id": "08b2986b818ebfff0200e3145997b534", "height": 2.497981 }, "geometry": { "type": "Polygon", "coordinates": [ [ [ -115.203202169739271, 36.120921696239307 ], [ -115.203041273292044, 36.120923642849625 ], [ -115.203043080674448, 36.121021118844233 ], [ -115.203102076038419, 36.121020405088025 ], [ -115.203102517843021, 36.121044232535191 ], [ -115.203207100533703, 36.121042967240427 ], [ -115.203206739057237, 36.121023472056606 ], [ -115.203255007991402, 36.121022888074272 ], [ -115.203253762905732, 36.120955737959136 ], [ -115.203202812364111, 36.120956354385456 ], [ -115.203202169739271, 36.120921696239307 ] ] ] } },
{ "type": "Feature", "properties": { "id": "08b2986b818ebfff0200eabe0afcd93e", "height": 1.5587173 }, "geometry": { "type": "Polygon", "coordinates": [ [ [ -115.202906585969927, 36.120794855757353 ], [ -115.202772572822113, 36.120797772698232 ], [ -115.202774306138878, 36.120849733928523 ], [ -115.202828929769183, 36.120848544987012 ], [ -115.202829772486638, 36.120873742442726 ], [ -115.202930601736114, 36.120871542086945 ], [ -115.202929761390308, 36.120846350279329 ], [ -115.2030004662751, 36.120844811312111 ], [ -115.202999235322395, 36.120808005511265 ], [ -115.202907091520657, 36.120810011120298 ], [ -115.202906585969927, 36.120794855757353 ] ] ] } },
{ "type": "Feature", "properties": { "id": "08b2986b818ebfff0200b5db4bca31cf", "height": 2.6636746 }, "geometry": { "type": "Polygon", "coordinates": [ [ [ -115.20298671832289, 36.121020236251624 ], [ -115.202982609865387, 36.120895452889627 ], [ -115.202816430141652, 36.120899013596102 ], [ -115.202820538908256, 36.121023806340794 ], [ -115.20298671832289, 36.121020236251624 ] ] ] } },
{ "type": "Feature", "properties": { "id": "08b2986b81bb6fff0200be3e79aa3b2e", "height": 3.425317 }, "geometry": { "type": "Polygon", "coordinates": [ [ [ -115.203653533937256, 36.121257076779763 ], [ -115.203838583154138, 36.121258750659194 ], [ -115.203840264955616, 36.121137435549095 ], [ -115.203655215738749, 36.121135761667084 ], [ -115.203653533937256, 36.121257076779763 ] ] ] } },
{ "type": "Feature", "properties": { "id": "08b2986b81bb6fff020044f5cb1a8104", "height": 2.616678 }, "geometry": { "type": "Polygon", "coordinates": [ [ [ -115.203390899528031, 36.121248132535108 ], [ -115.203392161098662, 36.121349953011809 ], [ -115.203558441401597, 36.121348608720865 ], [ -115.20355717983098, 36.121246788242416 ], [ -115.203390899528031, 36.121248132535108 ] ] ] } },
{ "type": "Feature", "properties": { "id": "08b2986b81bb6fff0200eedc69ce55d8", "height": 3.1233552 }, "geometry": { "type": "Polygon", "coordinates": [ [ [ -115.203706804335695, 36.121400554855548 ], [ -115.203844646649102, 36.121401801718378 ], [ -115.203846268386243, 36.12128481950716 ], [ -115.203655855423932, 36.121283097110059 ], [ -115.203654522499519, 36.121379246150113 ], [ -115.20370709491182, 36.121379724670042 ], [ -115.203706804335695, 36.121400554855548 ] ] ] } },
{ "type": "Feature", "properties": { "id": "08b2986b81bb0fff0200b3323a1d7c22", "height": 3.5006526 }, "geometry": { "type": "Polygon", "coordinates": [ [ [ -115.203654204441875, 36.121426456971626 ], [ -115.203656103899775, 36.121545600485753 ], [ -115.203849190927045, 36.121543591919 ], [ -115.203847774967514, 36.121454775859704 ], [ -115.203822567607077, 36.121455038076832 ], [ -115.203822086735968, 36.121424710591704 ], [ -115.203654204441875, 36.121426456971626 ] ] ] } },
{ "type": "Feature", "properties": { "id": "08b2986b81bb2fff0200b8e50641ce76", "height": 3.7161946 }, "geometry": { "type": "Polygon", "coordinates": [ [ [ -115.203656712722307, 36.121683587872802 ], [ -115.203849759214521, 36.121686610998864 ], [ -115.203852462183647, 36.121573990076499 ], [ -115.203659415691448, 36.121570966946102 ], [ -115.203656712722307, 36.121683587872802 ] ] ] } },
{ "type": "Feature", "properties": { "id": "08b2986b81bb2fff02007dccc7fe7b86", "height": 2.4158583 }, "geometry": { "type": "Polygon", "coordinates": [ [ [ -115.20352508935332, 36.121517437268785 ], [ -115.203467177368395, 36.121518295067204 ], [ -115.203466733174196, 36.121498802207569 ], [ -115.203425438472578, 36.121499413869181 ], [ -115.203425930145698, 36.121521072629427 ], [ -115.203388391841656, 36.121521628650711 ], [ -115.203390506036072, 36.12161476125106 ], [ -115.203527252715006, 36.121612735747313 ], [ -115.20352508935332, 36.121517437268785 ] ] ] } },
{ "type": "Feature", "properties": { "id": "08b2986b818ccfff02006bd057f4ecc9", "height": 2.2752252 }, "geometry": { "type": "Polygon", "coordinates": [ [ [ -115.202775427012241, 36.121193089597718 ], [ -115.202534327007598, 36.121199945781967 ], [ -115.202536401796579, 36.121247552249471 ], [ -115.202581942908552, 36.121246257193278 ], [ -115.202584489240479, 36.121304683274005 ], [ -115.202652518618535, 36.12130274871862 ], [ -115.202653274585316, 36.121320060099414 ], [ -115.202780802601893, 36.121316433578443 ], [ -115.202775427012241, 36.121193089597718 ] ] ] } },
{ "type": "Feature", "properties": { "id": "08b2986b818cdfff0200f6deed694e3c", "height": 2.6500227 }, "geometry": { "type": "Polygon", "coordinates": [ [ [ -115.202728169775838, 36.121484354287936 ], [ -115.202730651601939, 36.121531935257757 ], [ -115.202933063034266, 36.121525057847222 ], [ -115.202929192816924, 36.121450735497476 ], [ -115.202811384407696, 36.121454744982941 ], [ -115.202812776568123, 36.121481479568978 ], [ -115.202728169775838, 36.121484354287936 ] ] ] } },
{ "type": "Feature", "properties": { "id": "08b2986b818cdfff02006fe4be202af0", "height": 3.1802907 }, "geometry": { "type": "Polygon", "coordinates": [ [ [ -115.202886778860901, 36.121653156756416 ], [ -115.202887614600797, 36.121673420597141 ], [ -115.203002821992158, 36.121670326823043 ], [ -115.202997969380988, 36.121552667484195 ], [ -115.20283721525584, 36.12155699346286 ], [ -115.20284123185877, 36.121654382448838 ], [ -115.202886778860901, 36.121653156756416 ] ] ] } },
{ "type": "Feature", "properties": { "id": "08b2986b81b84fff0200ae429398d238", "height": 2.9913955 }, "geometry": { "type": "Polygon", "coordinates": [ [ [ -115.205337735229634, 36.121830236021118 ], [ -115.205343388238077, 36.121737296713363 ], [ -115.205137355500185, 36.121729119832835 ], [ -115.20513065076922, 36.121839350173914 ], [ -115.205269789761061, 36.121844872215455 ], [ -115.205270841483554, 36.121827581192996 ], [ -115.205337735229634, 36.121830236021118 ] ] ] } },
{ "type": "Feature", "properties": { "id": "08b2986b81b84fff0200492afdc6b6fd", "height": 2.6995206 }, "geometry": { "type": "Polygon", "coordinates": [ [ [ -115.204998167970089, 36.121697981330158 ], [ -115.204829261293682, 36.12169515480381 ], [ -115.204826317533644, 36.121809935215545 ], [ -115.204995224210052, 36.12181276173775 ], [ -115.204998167970089, 36.121697981330158 ] ] ] } },
{ "type": "Feature", "properties": { "id": "08b2986b81b84fff0200b21666ba5de6", "height": 3.037 }, "geometry": { "type": "Polygon", "coordinates": [ [ [ -115.204985949760569, 36.121840819894217 ], [ -115.204826608992562, 36.121842054024988 ], [ -115.204827909861478, 36.121951643602983 ], [ -115.20498726001631, 36.121950400392457 ], [ -115.204985949760569, 36.121840819894217 ] ] ] } },
{ "type": "Feature", "properties": { "id": "08b2986b81b84fff020000fdc6d15bc5", "height": 2.9964747 }, "geometry": { "type": "Polygon", "coordinates": [ [ [ -115.205177037669415, 36.121961285529565 ], [ -115.205176323608356, 36.121985104068607 ], [ -115.205125391504708, 36.121984107790389 ], [ -115.205122340516496, 36.12208587783163 ], [ -115.20532874956811, 36.12208991537485 ], [ -115.205332514617382, 36.121964326800715 ], [ -115.205177037669415, 36.121961285529565 ] ] ] } },
{ "type": "Feature", "properties": { "id": "08b2986b81b84fff02004c2e2adb5b4b", "height": 2.338424 }, "geometry": { "type": "Polygon", "coordinates": [ [ [ -115.205334019178736, 36.122139156156734 ], [ -115.205130247054242, 36.12213598812491 ], [ -115.205129137565891, 36.122182382838098 ], [ -115.205332909414992, 36.122185562383869 ], [ -115.205334019178736, 36.122139156156734 ] ] ] } },
{ "type": "Feature", "properties": { "id": "08b2986b81b80fff02006ed4b281fa6d", "height": 3.1130254 }, "geometry": { "type": "Polygon", "coordinates": [ [ [ -115.205169604204215, 36.122345668689626 ], [ -115.205276878258772, 36.122346669356574 ], [ -115.205277342815194, 36.122314174965091 ], [ -115.205333661693828, 36.122314700315457 ], [ -115.20533493148136, 36.122225882244017 ], [ -115.205125747075002, 36.12222393094045 ], [ -115.205124415346603, 36.122317081600464 ], [ -115.205170006819799, 36.122317506884087 ], [ -115.205169604204215, 36.122345668689626 ] ] ] } },
{ "type": "Feature", "properties": { "id": "08b2986b81b84fff020076c7762eed02", "height": 1.7773788 }, "geometry": { "type": "Polygon", "coordinates": [ [ [ -115.205003896060589, 36.122046188544566 ], [ -115.205002401980991, 36.121998554137967 ], [ -115.204798684863931, 36.122002723301414 ], [ -115.204800178943557, 36.122050357705476 ], [ -115.205003896060589, 36.122046188544566 ] ] ] } },
{ "type": "Feature", "properties": { "id": "08b2986b81b84fff0200641f9d1a8ebe", "height": 2.5426028 }, "geometry": { "type": "Polygon", "coordinates": [ [ [ -115.204967935901522, 36.122110136269988 ], [ -115.204800137974161, 36.122107726738889 ], [ -115.204798808551629, 36.122168372083941 ], [ -115.204880797653786, 36.122169549423518 ], [ -115.204880368650933, 36.122189042535666 ], [ -115.204998348562711, 36.122190736692332 ], [ -115.204999587904283, 36.122134423245249 ], [ -115.204967411564709, 36.122133961202209 ], [ -115.204967935901522, 36.122110136269988 ] ] ] } },
{ "type": "Feature", "properties": { "id": "08b2986b81b80fff0200f3e79cba680c", "height": 2.8929977 }, "geometry": { "type": "Polygon", "coordinates": [ [ [ -115.204990960163499, 36.122340706401097 ], [ -115.204987842370599, 36.122227194304294 ], [ -115.204793276053934, 36.122230692195856 ], [ -115.204796403374374, 36.122344193117229 ], [ -115.204990960163499, 36.122340706401097 ] ] ] } },
{ "type": "Feature", "properties": { "id": "08b2986b81bb1fff020092495dd8a559", "height": 2.8275976 }, "geometry": { "type": "Polygon", "coordinates": [ [ [ -115.204727052011691, 36.121698630938809 ], [ -115.204573083744592, 36.121697612507894 ], [ -115.204571909794367, 36.121812434412412 ], [ -115.204725888009506, 36.121813452907674 ], [ -115.204727052011691, 36.121698630938809 ] ] ] } },
{ "type": "Feature", "properties": { "id": "08b2986b81bb1fff0200e7c71e75c56b", "height": 1.644554 }, "geometry": { "type": "Polygon", "coordinates": [ [ [ -115.204564626824109, 36.121926657421007 ], [ -115.204717411935704, 36.121929827428787 ], [ -115.204718306979231, 36.121901680288921 ], [ -115.204761194028094, 36.121902570115971 ], [ -115.204762599393405, 36.12185837446372 ], [ -115.204566926881427, 36.121854325680459 ], [ -115.204564626824109, 36.121926657421007 ] ] ] } },
{ "type": "Feature", "properties": { "id": "08b2986b81b86fff0200fbb825f63b49", "height": 2.9912055 }, "geometry": { "type": "Polygon", "coordinates": [ [ [ -115.204749070153554, 36.121954062163759 ], [ -115.20455340296138, 36.12194992500001 ], [ -115.204549684432294, 36.12206467567664 ], [ -115.204745351624467, 36.12206881283435 ], [ -115.204749070153554, 36.121954062163759 ] ] ] } },
{ "type": "Feature", "properties": { "id": "08b2986b81bb1fff02009ac02eba9524", "height": 2.8913453 }, "geometry": { "type": "Polygon", "coordinates": [ [ [ -115.204425457710911, 36.121729936563128 ], [ -115.204267216420206, 36.121728970383444 ], [ -115.204266900143679, 36.121762769110298 ], [ -115.204218623114187, 36.121762477072892 ], [ -115.204218006853765, 36.121828333379874 ], [ -115.20427164796925, 36.121828660897997 ], [ -115.20427148578446, 36.121845992669911 ], [ -115.204424362963621, 36.121846926096332 ], [ -115.204425457710911, 36.121729936563128 ] ] ] } },
{ "type": "Feature", "properties": { "id": "08b2986b81bb3fff02005029f2eeb9b8", "height": 1.9052678 }, "geometry": { "type": "Polygon", "coordinates": [ [ [ -115.204184601977786, 36.121754876709218 ], [ -115.203988895842102, 36.12175139149727 ], [ -115.203986886288419, 36.121825019995647 ], [ -115.20413701702266, 36.121827693580393 ], [ -115.204137785381434, 36.121799541516587 ], [ -115.204183360782892, 36.121800353140799 ], [ -115.204184601977786, 36.121754876709218 ] ] ] } },
{ "type": "Feature", "properties": { "id": "08b2986b81bb3fff02008e5ef7f51304", "height": 2.832082 }, "geometry": { "type": "Polygon", "coordinates": [ [ [ -115.204215388965309, 36.121987551083194 ], [ -115.204425693836924, 36.121989417728841 ], [ -115.204427275039222, 36.121872435758341 ], [ -115.204266361803462, 36.121871007505959 ], [ -115.204266010425172, 36.121897003514938 ], [ -115.204216626671851, 36.121896565189026 ], [ -115.204215388965309, 36.121987551083194 ] ] ] } },
{ "type": "Feature", "properties": { "id": "08b2986b81bb3fff02000debfb765ddb", "height": 2.6600974 }, "geometry": { "type": "Polygon", "coordinates": [ [ [ -115.203976754025518, 36.121955469931748 ], [ -115.20418477113752, 36.121958762768195 ], [ -115.20418756584283, 36.121843977551791 ], [ -115.203979538789056, 36.121840684553121 ], [ -115.203976754025518, 36.121955469931748 ] ] ] } },
{ "type": "Feature", "properties": { "id": "08b2986b81b86fff02006d8095ba4763", "height": 2.9978576 }, "geometry": { "type": "Polygon", "coordinates": [ [ [ -115.204553461204839, 36.122208084406196 ], [ -115.204761516050581, 36.122206414170108 ], [ -115.204760076720575, 36.122089430043125 ], [ -115.204552011739693, 36.122091100363079 ], [ -115.204553461204839, 36.122208084406196 ] ] ] } },
{ "type": "Feature", "properties": { "id": "08b2986b81b86fff0200baddce59ecc3", "height": 2.5099223 }, "geometry": { "type": "Polygon", "coordinates": [ [ [ -115.204559862714575, 36.12235363898062 ], [ -115.204704693102144, 36.12235272193994 ], [ -115.204704398768058, 36.122322391663111 ], [ -115.204749993519698, 36.122322102965008 ], [ -115.204749341779959, 36.122254943024352 ], [ -115.204698382939881, 36.122255265687215 ], [ -115.204698172701256, 36.122233601178038 ], [ -115.204558706402111, 36.122234484255571 ], [ -115.204559862714575, 36.12235363898062 ] ] ] } },
{ "type": "Feature", "properties": { "id": "08b2986b81bb3fff020033f3f3cb4657", "height": 2.5727432 }, "geometry": { "type": "Polygon", "coordinates": [ [ [ -115.204267542178059, 36.122012970053298 ], [ -115.204266905441003, 36.122041126328384 ], [ -115.204218641783626, 36.122040414175338 ], [ -115.204217613208343, 36.122085897368024 ], [ -115.204416030466362, 36.122088825106609 ], [ -115.20441769577873, 36.122015185641345 ], [ -115.204267542178059, 36.122012970053298 ] ] ] } },
{ "type": "Feature", "properties": { "id": "08b2986b81bb3fff02008b59dc1645e5", "height": 3.2609882 }, "geometry": { "type": "Polygon", "coordinates": [ [ [ -115.203979865425055, 36.122096457581939 ], [ -115.20418362467484, 36.122099890361255 ], [ -115.20418658830792, 36.121985111041091 ], [ -115.203982829058134, 36.121981678256759 ], [ -115.203979865425055, 36.122096457581939 ] ] ] } },
{ "type": "Feature", "properties": { "id": "08b2986b81bb3fff0200d8397258d416", "height": 2.3171163 }, "geometry": { "type": "Polygon", "coordinates": [ [ [ -115.204186847923637, 36.122181680660745 ], [ -115.20418729654341, 36.122137045690621 ], [ -115.203990377737398, 36.122135743168428 ], [ -115.203989639627508, 36.122208552983864 ], [ -115.204139833347227, 36.122209537950326 ], [ -115.204140118857367, 36.122181374212651 ], [ -115.204186847923637, 36.122181680660745 ] ] ] } },
{ "type": "Feature", "properties": { "id": "08b2986b81b86fff020020c92d257298", "height": 3.2061918 }, "geometry": { "type": "Polygon", "coordinates": [ [ [ -115.204278057494733, 36.122235434699249 ], [ -115.204277459767653, 36.122263592010832 ], [ -115.204239919879257, 36.122263072050231 ], [ -115.204238034739973, 36.122351875813521 ], [ -115.204412327079055, 36.122354289913538 ], [ -115.204414809945405, 36.122237328842068 ], [ -115.204278057494733, 36.122235434699249 ] ] ] } },
{ "type": "Feature", "properties": { "id": "08b2986b81b95fff0200253c8c9dfc5d", "height": 3.114684 }, "geometry": { "type": "Polygon", "coordinates": [ [ [ -115.203981210871476, 36.122332617442964 ], [ -115.204042892159549, 36.122333238146801 ], [ -115.204042493494029, 36.122359233109705 ], [ -115.204203401202051, 36.122360852336534 ], [ -115.204204244963151, 36.122305834929698 ], [ -115.204164018001293, 36.122305432396558 ], [ -115.204164649222221, 36.122264273637434 ], [ -115.204086877095946, 36.122263495406266 ], [ -115.204087209317493, 36.122241832892577 ], [ -115.203982619216632, 36.122240786305561 ], [ -115.203981210871476, 36.122332617442964 ] ] ] } },
{ "type": "Feature", "properties": { "id": "08b2986b81bb2fff0200bb24bf729035", "height": 2.5816853 }, "geometry": { "type": "Polygon", "coordinates": [ [ [ -115.203649179746819, 36.121732579076841 ], [ -115.203647695330289, 36.121782381949956 ], [ -115.203840702500656, 36.121786135531984 ], [ -115.203842961395367, 36.121710348542237 ], [ -115.203692844707334, 36.121707429086769 ], [ -115.203692070229124, 36.121733413206734 ], [ -115.203649179746819, 36.121732579076841 ] ] ] } },
{ "type": "Feature", "properties": { "id": "08b2986b81bb2fff0200e26955af55f2", "height": 1.5498965 }, "geometry": { "type": "Polygon", "coordinates": [ [ [ -115.203845326328221, 36.12194644598295 ], [ -115.203847583684762, 36.121883667871593 ], [ -115.203666920031623, 36.12187941896088 ], [ -115.20366395499471, 36.121961679761128 ], [ -115.203801746686409, 36.121964920390752 ], [ -115.203802447245337, 36.121945437538571 ], [ -115.203845326328221, 36.12194644598295 ] ] ] } },
{ "type": "Feature", "properties": { "id": "08b2986b81bb2fff0200ded40346b3a0", "height": 2.6711252 }, "geometry": { "type": "Polygon", "coordinates": [ [ [ -115.20351794047879, 36.121754762613563 ], [ -115.203389272983273, 36.121752194833945 ], [ -115.203385762986272, 36.121866954375918 ], [ -115.203514430481817, 36.121869522151769 ], [ -115.20351794047879, 36.121754762613563 ] ] ] } },
{ "type": "Feature", "properties": { "id": "08b2986b81bb2fff020068f9d5d134fc", "height": 1.7041343 }, "geometry": { "type": "Polygon", "coordinates": [ [ [ -115.203615023678154, 36.121939525583507 ], [ -115.203385952086691, 36.121937414662376 ], [ -115.203385401374391, 36.121976408242965 ], [ -115.203614476344029, 36.121978519194187 ], [ -115.203615023678154, 36.121939525583507 ] ] ] } },
{ "type": "Feature", "properties": { "id": "08b2986b81bb3fff0200fdcdfa17a8c6", "height": 2.9287736 }, "geometry": { "type": "Polygon", "coordinates": [ [ [ -115.203644924607701, 36.122063950966464 ], [ -115.203776274929822, 36.122061366785807 ], [ -115.203776405508691, 36.122065697394859 ], [ -115.20384342097914, 36.12206437893537 ], [ -115.20384146229631, 36.121999419773424 ], [ -115.203643096503711, 36.122003322416646 ], [ -115.203644924607701, 36.122063950966464 ] ] ] } },
{ "type": "Feature", "properties": { "id": "08b2986b81b94fff0200e6cb9da0e36f", "height": 3.0519142 }, "geometry": { "type": "Polygon", "coordinates": [ [ [ -115.203638879680398, 36.122104998869823 ], [ -115.203636239891296, 36.122203278247916 ], [ -115.20383999155311, 36.122206860641057 ], [ -115.203842631651455, 36.122108569753898 ], [ -115.203638879680398, 36.122104998869823 ] ] ] } },
{ "type": "Feature", "properties": { "id": "08b2986b81b94fff02008051c1a33e43", "height": 2.5162582 }, "geometry": { "type": "Polygon", "coordinates": [ [ [ -115.203645125353376, 36.12229447772426 ], [ -115.203851613354303, 36.122296859145287 ], [ -115.203852340826515, 36.122255702455256 ], [ -115.203822842540688, 36.122255362252062 ], [ -115.203823416860857, 36.12222287011295 ], [ -115.203689333743384, 36.122221323734216 ], [ -115.203688835999245, 36.122249483589449 ], [ -115.203645929401645, 36.122248988748417 ], [ -115.203645125353376, 36.12229447772426 ] ] ] } },
{ "type": "Feature", "properties": { "id": "08b2986b81b94fff0200712e4889852c", "height": 1.2974291 }, "geometry": { "type": "Polygon", "coordinates": [ [ [ -115.203390265648935, 36.122231253694935 ], [ -115.203520911888489, 36.122331230334503 ], [ -115.203575306481454, 36.122284851546397 ], [ -115.203527247674003, 36.122248071965501 ], [ -115.20353929957308, 36.122237796073961 ], [ -115.203456719293044, 36.122174597035489 ], [ -115.203390265648935, 36.122231253694935 ] ] ] } },
{ "type": "Feature", "properties": { "id": "08b2986b81b94fff020091235430d87e", "height": 3.1276457 }, "geometry": { "type": "Polygon", "coordinates": [ [ [ -115.20345566918671, 36.122342734874124 ], [ -115.203373716908786, 36.122235424403691 ], [ -115.20325325922316, 36.122295447573144 ], [ -115.203335207733772, 36.122402753028545 ], [ -115.20345566918671, 36.122342734874124 ] ] ] } },
{ "type": "Feature", "properties": { "id": "08b2986b818cdfff0200beb4ca00149f", "height": 2.2725081 }, "geometry": { "type": "Polygon", "coordinates": [ [ [ -115.202902110496666, 36.121770717987559 ], [ -115.202946089342447, 36.121769708539532 ], [ -115.202946622425316, 36.121784862482158 ], [ -115.203053824227098, 36.12178240187577 ], [ -115.203053138834832, 36.121762918234104 ], [ -115.20308529937536, 36.121762180052002 ], [ -115.203082966628131, 36.121695867023369 ], [ -115.202899631192523, 36.121700064767289 ], [ -115.202902110496666, 36.121770717987559 ] ] ] } },
{ "type": "Feature", "properties": { "id": "08b2986b818c9fff0200d54645ace233", "height": 2.8848884 }, "geometry": { "type": "Polygon", "coordinates": [ [ [ -115.202942464629814, 36.121843420035198 ], [ -115.202946623805033, 36.121912587862937 ], [ -115.203018872993724, 36.121909753171643 ], [ -115.203019912787525, 36.121927045119676 ], [ -115.20316173526902, 36.121921480726613 ], [ -115.20315484663503, 36.121806921491789 ], [ -115.20298358929891, 36.121813640768657 ], [ -115.202985278963851, 36.121841740216674 ], [ -115.202942464629814, 36.121843420035198 ] ] ] } },
{ "type": "Feature", "properties": { "id": "08b2986b818c8fff02006b2f9ad9c197", "height": 1.8443272 }, "geometry": { "type": "Polygon", "coordinates": [ [ [ -115.202634915756903, 36.121786491306544 ], [ -115.202848471345959, 36.121774562913735 ], [ -115.202843051427067, 36.121711249901196 ], [ -115.202768307330913, 36.121715429047775 ], [ -115.202767199800618, 36.121702491379942 ], [ -115.20262838933634, 36.121710252652839 ], [ -115.202634915756903, 36.121786491306544 ] ] ] } },
{ "type": "Feature", "properties": { "id": "08b2986b818c9fff0200ff084ffa1e04", "height": 2.9852464 }, "geometry": { "type": "Polygon", "coordinates": [ [ [ -115.202778745866354, 36.122032546393875 ], [ -115.202902053911288, 36.122030113464518 ], [ -115.202899172931268, 36.121934840292113 ], [ -115.202856283176516, 36.121935686529433 ], [ -115.202855759361967, 36.12191836412223 ], [ -115.202740493146081, 36.121920638385504 ], [ -115.202743070276838, 36.122005863372898 ], [ -115.202777918262129, 36.122005177774611 ], [ -115.202778745866354, 36.122032546393875 ] ] ] } },
{ "type": "Feature", "properties": { "id": "08b2986b818c9fff020082a6623c012d", "height": 2.0 }, "geometry": { "type": "Polygon", "coordinates": [ [ [ -115.203074132387357, 36.12207277971585 ], [ -115.203031220019795, 36.122072491019125 ], [ -115.203030974305349, 36.12209632183901 ], [ -115.203073886672897, 36.122096610535642 ], [ -115.203074132387357, 36.12207277971585 ] ] ] } },
{ "type": "Feature", "properties": { "id": "08b2986b818c9fff02005fd768862528", "height": 2.4719894 }, "geometry": { "type": "Polygon", "coordinates": [ [ [ -115.203216380158509, 36.122071018886047 ], [ -115.203079611939188, 36.122072495717724 ], [ -115.203080077976068, 36.122100656334517 ], [ -115.20303025255447, 36.122101194352275 ], [ -115.203030865177496, 36.122138019724296 ], [ -115.203102141247257, 36.122137250081551 ], [ -115.203102499737156, 36.122158912077509 ], [ -115.203217814118148, 36.122157666907086 ], [ -115.203216380158509, 36.122071018886047 ] ] ] } },
{ "type": "Feature", "properties": { "id": "08b2986b81b96fff020059ba55f83015", "height": 2.5530794 }, "geometry": { "type": "Polygon", "coordinates": [ [ [ -115.203197554825493, 36.122439926470051 ], [ -115.203196074655779, 36.122368449341913 ], [ -115.203220207784369, 36.1223681232633 ], [ -115.203218279078371, 36.122274986301342 ], [ -115.203120604065134, 36.122276306054431 ], [ -115.203123998681761, 36.122440920334718 ], [ -115.203197554825493, 36.122439926470051 ] ] ] } },
{ "type": "Feature", "properties": { "id": "08b2986b81b96fff02009bd321817de1", "height": 3.124333 }, "geometry": { "type": "Polygon", "coordinates": [ [ [ -115.202942043975185, 36.122276552117249 ], [ -115.202944914607357, 36.122415174529344 ], [ -115.203062898791657, 36.122413580368146 ], [ -115.203061883653447, 36.122364559518452 ], [ -115.203086016810303, 36.12236423480379 ], [ -115.203084161288061, 36.122274631874234 ], [ -115.202942043975185, 36.122276552117249 ] ] ] } },
{ "type": "Feature", "properties": { "id": "08b2986b818c9fff02002d5750376d39", "height": 2.7153652 }, "geometry": { "type": "Polygon", "coordinates": [ [ [ -115.20275959196033, 36.122065768104648 ], [ -115.202762423468116, 36.12216104305476 ], [ -115.202936666638493, 36.122157664259817 ], [ -115.202935636999314, 36.122123018835303 ], [ -115.203003782375177, 36.12212169740986 ], [ -115.203001975256313, 36.122061067980944 ], [ -115.20275959196033, 36.122065768104648 ] ] ] } },
{ "type": "Feature", "properties": { "id": "08b2986b81b96fff020006e17772bfeb", "height": 3.1079512 }, "geometry": { "type": "Polygon", "coordinates": [ [ [ -115.202780958003387, 36.122443970483346 ], [ -115.202885527911718, 36.122442397954039 ], [ -115.202884429727987, 36.122394749725551 ], [ -115.202913923804715, 36.122394306191374 ], [ -115.202911977024499, 36.122309838805698 ], [ -115.202885164227467, 36.122310242019033 ], [ -115.202884365548428, 36.122275588706493 ], [ -115.202777114360373, 36.122277201560472 ], [ -115.202780958003387, 36.122443970483346 ] ] ] } },
{ "type": "Feature", "properties": { "id": "08b2986b81b94fff0200b34b5ccbb887", "height": 4.381554 }, "geometry": { "type": "Polygon", "coordinates": [ [ [ -115.203708994257227, 36.122347674608704 ], [ -115.203710220836541, 36.122380143155304 ], [ -115.203645907569552, 36.122381724769483 ], [ -115.203647706552559, 36.122429345279258 ], [ -115.203828772855488, 36.122424892436477 ], [ -115.203825754226116, 36.122344803205735 ], [ -115.203708994257227, 36.122347674608704 ] ] ] } },
{ "type": "Feature", "properties": { "id": "08b2986b818cbfff02001c825597d68e", "height": 2.695384 }, "geometry": { "type": "Polygon", "coordinates": [ [ [ -115.202735711431615, 36.122272158817992 ], [ -115.202590872400947, 36.122272003239146 ], [ -115.20259052999188, 36.122479994590165 ], [ -115.202636127464501, 36.122480043568565 ], [ -115.202636184532693, 36.12244537838167 ], [ -115.202711286252296, 36.12244545905201 ], [ -115.202711371854562, 36.122393461243036 ], [ -115.202735511693007, 36.122393487172808 ], [ -115.202735711431615, 36.122272158817992 ] ] ] } },
{ "type": "Feature", "properties": { "id": "08b2986b8180bfff0200b514b2aec2f3", "height": 3.1751344 }, "geometry": { "type": "Polygon", "coordinates": [ [ [ -115.20257940123723, 36.119027152232341 ], [ -115.202575692113854, 36.118889941139159 ], [ -115.202451306123223, 36.118892135237516 ], [ -115.202455006094581, 36.119028570475884 ], [ -115.202482866766132, 36.119028079030294 ], [ -115.202483861982842, 36.11906489490412 ], [ -115.202550885249295, 36.119063712654309 ], [ -115.20254991104504, 36.119027674088969 ], [ -115.20257940123723, 36.119027152232341 ] ] ] } },
{ "type": "Feature", "properties": { "id": "08b2986b8180bfff0200f7095a2bc11d", "height": 2.9290864 }, "geometry": { "type": "Polygon", "coordinates": [ [ [ -115.202418599226519, 36.119007034381397 ], [ -115.2024206380257, 36.118896558513391 ], [ -115.202308010277122, 36.118895202215747 ], [ -115.202304532325599, 36.119083660959042 ], [ -115.202393025556617, 36.119084726618937 ], [ -115.202394464708973, 36.119006743746581 ], [ -115.202418599226519, 36.119007034381397 ] ] ] } },
{ "type": "Feature", "properties": { "id": "08b2986b818e5fff0200164550e069f7", "height": 2.5507493 }, "geometry": { "type": "Polygon", "coordinates": [ [ [ -115.20240294869582, 36.119178307120279 ], [ -115.202405927304412, 36.119312597351218 ], [ -115.202623116511731, 36.11930945390592 ], [ -115.202622732175143, 36.119292126146398 ], [ -115.202644182961052, 36.119291815682566 ], [ -115.20264173281528, 36.119181351125278 ], [ -115.202480851920953, 36.119183679607119 ], [ -115.202480707794749, 36.119177181687327 ], [ -115.20240294869582, 36.119178307120279 ] ] ] } },
{ "type": "Feature", "properties": { "id": "08b2986b818e4fff02003e63a2141f06", "height": 3.3005314 }, "geometry": { "type": "Polygon", "coordinates": [ [ [ -115.202272809771628, 36.119075938192843 ], [ -115.202268480691515, 36.118935191062867 ], [ -115.202233633425806, 36.118935888494661 ], [ -115.202232434603644, 36.118896912322093 ], [ -115.202119851129822, 36.118899165564407 ], [ -115.202125379032111, 36.119078888860564 ], [ -115.202272809771628, 36.119075938192843 ] ] ] } },
{ "type": "Feature", "properties": { "id": "08b2986b818e4fff02003aeffa9713fc", "height": 2.2902083 }, "geometry": { "type": "Polygon", "coordinates": [ [ [ -115.201986993037011, 36.119076407225805 ], [ -115.202086223392087, 36.119077265576934 ], [ -115.202087975224856, 36.118945113661617 ], [ -115.201988744869794, 36.118944255309067 ], [ -115.201986993037011, 36.119076407225805 ] ] ] } },
{ "type": "Feature", "properties": { "id": "08b2986b818e4fff02000d6f4570bd0c", "height": 2.9758396 }, "geometry": { "type": "Polygon", "coordinates": [ [ [ -115.202271872874576, 36.119279169647541 ], [ -115.202372117413006, 36.119277832126528 ], [ -115.202370390067074, 36.119193355158195 ], [ -115.202166597781186, 36.119196074276417 ], [ -115.202168828664909, 36.119305177065776 ], [ -115.202272378425249, 36.11930378959071 ], [ -115.202271872874576, 36.119279169647541 ] ] ] } },
{ "type": "Feature", "properties": { "id": "08b2986b818e5fff0200757ae2cbee58", "height": 1.595945 }, "geometry": { "type": "Polygon", "coordinates": [ [ [ -115.202495350842497, 36.119520083419033 ], [ -115.202704495479708, 36.119517044588974 ], [ -115.202702614524654, 36.119432572160733 ], [ -115.202547096717481, 36.119434831806039 ], [ -115.202547771932132, 36.119465155251405 ], [ -115.202494145102065, 36.11946593443912 ], [ -115.202495350842497, 36.119520083419033 ] ] ] } },
{ "type": "Feature", "properties": { "id": "08b2986b818e5fff02002ae2dfc1a72f", "height": 2.474833 }, "geometry": { "type": "Polygon", "coordinates": [ [ [ -115.202374805997067, 36.119405699477284 ], [ -115.202371359901846, 36.119345160910406 ], [ -115.20231247580827, 36.119347348122396 ], [ -115.202311737359281, 36.119334375566638 ], [ -115.202183262973236, 36.119339147666061 ], [ -115.202187447517417, 36.119412658782537 ], [ -115.202374805997067, 36.119405699477284 ] ] ] } },
{ "type": "Feature", "properties": { "id": "08b2986b818e0fff02005a636993d98f", "height": 1.7093928 }, "geometry": { "type": "Polygon", "coordinates": [ [ [ -115.201920977933511, 36.119574971346921 ], [ -115.201922476215202, 36.119605256265878 ], [ -115.202040305557404, 36.119601459145208 ], [ -115.202040987511865, 36.119615243555998 ], [ -115.202126681339593, 36.119612477177 ], [ -115.202124005844013, 36.119558397112399 ], [ -115.202059735473199, 36.119560471898076 ], [ -115.202058665274947, 36.119538839862386 ], [ -115.201956903854523, 36.119542124940537 ], [ -115.201958469087828, 36.119573763171708 ], [ -115.201920977933511, 36.119574971346921 ] ] ] } },
{ "type": "Feature", "properties": { "id": "08b2986b81819fff0200bb329d83811b", "height": 1.6370833 }, "geometry": { "type": "Polygon", "coordinates": [ [ [ -115.201806904528539, 36.119080067314009 ], [ -115.201804489160835, 36.11896093225311 ], [ -115.201770687197808, 36.118961379438304 ], [ -115.20176968145033, 36.118911559211504 ], [ -115.201723034404296, 36.118912176331939 ], [ -115.201724264046049, 36.118972826968637 ], [ -115.20170549361751, 36.118973075293162 ], [ -115.201707689406319, 36.119081379884726 ], [ -115.201806904528539, 36.119080067314009 ] ] ] } },
{ "type": "Feature", "properties": { "id": "08b2986b81819fff0200f42d28164b43", "height": 2.2929468 }, "geometry": { "type": "Polygon", "coordinates": [ [ [ -115.201663458871224, 36.118959343403596 ], [ -115.201628590507596, 36.118959254693358 ], [ -115.201628766519434, 36.118915091876147 ], [ -115.20157244071396, 36.1189149453905 ], [ -115.201571784435586, 36.119079610880604 ], [ -115.201662978596858, 36.119079848047377 ], [ -115.201663458871224, 36.118959343403596 ] ] ] } },
{ "type": "Feature", "properties": { "id": "08b2986b818e4fff02000707e3e30bf3", "height": 2.5049396 }, "geometry": { "type": "Polygon", "coordinates": [ [ [ -115.20191036085545, 36.119285378030085 ], [ -115.202020295162072, 36.119283768271103 ], [ -115.202018880185364, 36.119220955658967 ], [ -115.201975978992536, 36.119221583858092 ], [ -115.201975216560328, 36.119187738504714 ], [ -115.20183950674155, 36.119189733367385 ], [ -115.20184026607015, 36.119223571092796 ], [ -115.201796330247547, 36.119224214441921 ], [ -115.20179720850895, 36.119263201584779 ], [ -115.201909824140131, 36.119261552562911 ], [ -115.20191036085545, 36.119285378030085 ] ] ] } },
{ "type": "Feature", "properties": { "id": "08b2986b818e6fff0200aedc58766a1e", "height": 2.8766608 }, "geometry": { "type": "Polygon", "coordinates": [ [ [ -115.201773330104785, 36.119312838725307 ], [ -115.201771897862415, 36.11926520026114 ], [ -115.201746741540276, 36.119265695203183 ], [ -115.201745044015155, 36.119209395259077 ], [ -115.201653902975323, 36.119211188429169 ], [ -115.201653290408714, 36.119190872099338 ], [ -115.201599677941019, 36.119191923876265 ], [ -115.201600265546858, 36.119211412360563 ], [ -115.201545007773944, 36.119212496415045 ], [ -115.201548157740362, 36.119317268911878 ], [ -115.201773330104785, 36.119312838725307 ] ] ] } },
{ "type": "Feature", "properties": { "id": "08b2986b81819fff0200b564cbad7b0c", "height": 2.6509979 }, "geometry": { "type": "Polygon", "coordinates": [ [ [ -115.201381511987066, 36.118920263146492 ], [ -115.201388917749441, 36.119086882212422 ], [ -115.201531937631529, 36.119082734174313 ], [ -115.20152694607404, 36.118970211958143 ], [ -115.201494800923896, 36.118971144272571 ], [ -115.201492401136647, 36.118917046996515 ], [ -115.201381511987066, 36.118920263146492 ] ] ] } },
{ "type": "Feature", "properties": { "id": "08b2986b8181bfff02003a58c1c9ad65", "height": 2.9094477 }, "geometry": { "type": "Polygon", "coordinates": [ [ [ -115.201225239244039, 36.1192019615997 ], [ -115.201225869757423, 36.119227951665842 ], [ -115.201167917847613, 36.11922886577932 ], [ -115.201169540858785, 36.119296006834624 ], [ -115.20123120815245, 36.119295034116796 ], [ -115.201231731704453, 36.119316692509749 ], [ -115.201375489077435, 36.119314424932909 ], [ -115.201372704310089, 36.119199635535651 ], [ -115.201225239244039, 36.1192019615997 ] ] ] } },
{ "type": "Feature", "properties": { "id": "08b2986b818e6fff0200b7caa1d366c5", "height": 2.2953825 }, "geometry": { "type": "Polygon", "coordinates": [ [ [ -115.201249140606677, 36.11943921941257 ], [ -115.201352707563103, 36.119437978091668 ], [ -115.201352283419624, 36.11941499528065 ], [ -115.20141127890696, 36.119414284843714 ], [ -115.201410064075645, 36.119348457462756 ], [ -115.201195534806956, 36.119351028745918 ], [ -115.201196749862078, 36.119416868250696 ], [ -115.201248718561573, 36.119416242431939 ], [ -115.201249140606677, 36.11943921941257 ] ] ] } },
{ "type": "Feature", "properties": { "id": "08b2986b818e6fff02008a4b672ca915", "height": 1.5311203 }, "geometry": { "type": "Polygon", "coordinates": [ [ [ -115.201448507334135, 36.119571070064389 ], [ -115.20144995345261, 36.119594845902583 ], [ -115.201508819949126, 36.119592509587335 ], [ -115.201507373830694, 36.119568733748423 ], [ -115.201448507334135, 36.119571070064389 ] ] ] } },
{ "type": "Feature", "properties": { "id": "08b2986b818e6fff0200a1bbe01f0e7b", "height": 2.530718 }, "geometry": { "type": "Polygon", "coordinates": [ [ [ -115.201512463223082, 36.119643451630573 ], [ -115.201511786118118, 36.11959879491009 ], [ -115.201443738757007, 36.119599472005817 ], [ -115.201443263462849, 36.119568303291025 ], [ -115.201381581961499, 36.119568913557146 ], [ -115.201382738170565, 36.119644735106633 ], [ -115.201512463223082, 36.119643451630573 ] ] ] } },
{ "type": "Feature", "properties": { "id": "08b2986b818e6fff02005b2f79fbab80", "height": 2.3889775 }, "geometry": { "type": "Polygon", "coordinates": [ [ [ -115.20142861645472, 36.119457897979736 ], [ -115.201228201542378, 36.119479086394918 ], [ -115.201239245801418, 36.119547251867196 ], [ -115.201299897682773, 36.119540839589831 ], [ -115.201302658747537, 36.119557880950047 ], [ -115.201379132858818, 36.119549795905677 ], [ -115.201374646128585, 36.119522103690585 ], [ -115.201437935048261, 36.119515412616408 ], [ -115.20142861645472, 36.119457897979736 ] ] ] } },
{ "type": "Feature", "properties": { "id": "08b2986b818e1fff0200704141b453ab", "height": 1.8912926 }, "geometry": { "type": "Polygon", "coordinates": [ [ [ -115.20236469669895, 36.119719804976775 ], [ -115.202480002837873, 36.119721278260236 ], [ -115.202480554234782, 36.119693118802829 ], [ -115.202547592687651, 36.119693975363269 ], [ -115.202548228914836, 36.119661483669432 ], [ -115.202486553538222, 36.119660695633513 ], [ -115.202486808029079, 36.119647698952093 ], [ -115.202366138813943, 36.119646157142391 ], [ -115.20236469669895, 36.119719804976775 ] ] ] } },
{ "type": "Feature", "properties": { "id": "08b2986b818e1fff0200dacecc563a8b", "height": 2.396628 }, "geometry": { "type": "Polygon", "coordinates": [ [ [ -115.202453698649009, 36.119745375783467 ], [ -115.202451440706852, 36.119860179203158 ], [ -115.202577472578525, 36.119861803778647 ], [ -115.202579730520711, 36.119747000361329 ], [ -115.202453698649009, 36.119745375783467 ] ] ] } },
{ "type": "Feature", "properties": { "id": "08b2986b818e0fff0200f55f650004f6", "height": 2.4469776 }, "geometry": { "type": "Polygon", "coordinates": [ [ [ -115.202058382999653, 36.119642130925172 ], [ -115.202062477491936, 36.119733010276654 ], [ -115.202183017544996, 36.11972947336578 ], [ -115.202178923052685, 36.119638594010212 ], [ -115.202058382999653, 36.119642130925172 ] ] ] } },
{ "type": "Feature", "properties": { "id": "08b2986b818e3fff02004fe88c6a7be3", "height": 2.536676 }, "geometry": { "type": "Polygon", "coordinates": [ [ [ -115.20201577727984, 36.119968267275723 ], [ -115.202007429128926, 36.119932713309851 ], [ -115.202077333975055, 36.119922003028705 ], [ -115.20206831232737, 36.119883580681943 ], [ -115.201985461077726, 36.119896269833113 ], [ -115.201983005707788, 36.119885812642416 ], [ -115.201882973123602, 36.119901133214306 ], [ -115.201902793573126, 36.119985577756566 ], [ -115.20201577727984, 36.119968267275723 ] ] ] } },
{ "type": "Feature", "properties": { "id": "08b2986b818eefff02004ca41fd86551", "height": 3.0794942 }, "geometry": { "type": "Polygon", "coordinates": [ [ [ -115.202511674426589, 36.120228155781881 ], [ -115.202485864887052, 36.120108283241159 ], [ -115.202277588307879, 36.120137544300434 ], [ -115.202303397847402, 36.120257416796477 ], [ -115.202511674426589, 36.120228155781881 ] ] ] } },
{ "type": "Feature", "properties": { "id": "08b2986b818e1fff020088bce5f9114d", "height": 1.8965102 }, "geometry": { "type": "Polygon", "coordinates": [ [ [ -115.202163488348688, 36.119935328270422 ], [ -115.202165709774505, 36.119976416198718 ], [ -115.202240668655435, 36.119973771770901 ], [ -115.202241603992633, 36.119991071945385 ], [ -115.202354042314042, 36.119987105304382 ], [ -115.202350885551056, 36.11992871719724 ], [ -115.202163488348688, 36.119935328270422 ] ] ] } },
{ "type": "Feature", "properties": { "id": "08b2986b818e3fff02008a40a6fb50b4", "height": 3.3252265 }, "geometry": { "type": "Polygon", "coordinates": [ [ [ -115.202179435198218, 36.120086098941769 ], [ -115.202128840364495, 36.119966535846416 ], [ -115.201946319093508, 36.120016933820615 ], [ -115.201996910017371, 36.120136487599602 ], [ -115.202179435198218, 36.120086098941769 ] ] ] } },
{ "type": "Feature", "properties": { "id": "08b2986b818e3fff02007e17b1ec4f90", "height": 3.529433 }, "geometry": { "type": "Polygon", "coordinates": [ [ [ -115.202048194000511, 36.120167618329184 ], [ -115.202061611268959, 36.120255107933339 ], [ -115.202225394757534, 36.120238718425483 ], [ -115.202210013986374, 36.120138425435528 ], [ -115.202091138873698, 36.120150321061587 ], [ -115.202093102376409, 36.120163124427215 ], [ -115.202048194000511, 36.120167618329184 ] ] ] } },
{ "type": "Feature", "properties": { "id": "08b2986b818e0fff02004795059d773e", "height": 2.7632022 }, "geometry": { "type": "Polygon", "coordinates": [ [ [ -115.201925731632983, 36.119642014995343 ], [ -115.201735055840231, 36.119686428856291 ], [ -115.201762189864326, 36.119762441404639 ], [ -115.201799334499299, 36.11975378936414 ], [ -115.201810045298288, 36.119783794300488 ], [ -115.201963576456095, 36.119748032536684 ], [ -115.201925731632983, 36.119642014995343 ] ] ] } },
{ "type": "Feature", "properties": { "id": "08b2986b818e2fff020072c1173fa9db", "height": 3.1709046 }, "geometry": { "type": "Polygon", "coordinates": [ [ [ -115.201569145025502, 36.119895937324763 ], [ -115.201548256750883, 36.119898723157085 ], [ -115.201562482757964, 36.119968325238148 ], [ -115.201698256542898, 36.119950217342385 ], [ -115.201676701986713, 36.119844759595388 ], [ -115.201561816476385, 36.119860081681885 ], [ -115.201569145025502, 36.119895937324763 ] ] ] } },
{ "type": "Feature", "properties": { "id": "08b2986b818e2fff0200aac669907962", "height": 2.8094535 }, "geometry": { "type": "Polygon", "coordinates": [ [ [ -115.201383790492613, 36.119745543837411 ], [ -115.20157957676561, 36.119744160215085 ], [ -115.201579130953817, 36.119702996947218 ], [ -115.20152380219784, 36.119703387955965 ], [ -115.201523513907034, 36.119676554437383 ], [ -115.201383053979242, 36.119677539128027 ], [ -115.201383790492613, 36.119745543837411 ] ] ] } },
{ "type": "Feature", "properties": { "id": "08b2986b818e2fff02009506d7e93447", "height": 2.3080494 }, "geometry": { "type": "Polygon", "coordinates": [ [ [ -115.201443695741503, 36.119834453540122 ], [ -115.201636169967259, 36.119825454360374 ], [ -115.201633384829648, 36.119786584856342 ], [ -115.201440910603878, 36.119795584040538 ], [ -115.201443695741503, 36.119834453540122 ] ] ] } },
{ "type": "Feature", "properties": { "id": "08b2986b818e2fff0200d54c57684fde", "height": 3.31119 }, "geometry": { "type": "Polygon", "coordinates": [ [ [ -115.201789217802016, 36.120069877509238 ], [ -115.201746498057759, 36.11995692104243 ], [ -115.201587037110926, 36.11999627266195 ], [ -115.201629756855169, 36.120109229072156 ], [ -115.201789217802016, 36.120069877509238 ] ] ] } },
{ "type": "Feature", "properties": { "id": "08b2986b818c4fff020085977c578c1c", "height": 2.8807232 }, "geometry": { "type": "Polygon", "coordinates": [ [ [ -115.201588332446747, 36.120240753012489 ], [ -115.201584308773178, 36.120210772651852 ], [ -115.201619724552103, 36.120207669155526 ], [ -115.201610521715637, 36.120139143085467 ], [ -115.201532695316445, 36.120145963044109 ], [ -115.201530860084759, 36.120132288731938 ], [ -115.201414213866514, 36.120142503892922 ], [ -115.201429270614767, 36.120254691646103 ], [ -115.201588332446747, 36.120240753012489 ] ] ] } },
{ "type": "Feature", "properties": { "id": "08b2986b8181bfff020072e050d4ef22", "height": 3.0529256 }, "geometry": { "type": "Polygon", "coordinates": [ [ [ -115.201215292755705, 36.118905704886856 ], [ -115.20109199652623, 36.118908325890246 ], [ -115.201097639374254, 36.119081539832628 ], [ -115.201191451722778, 36.119079545595326 ], [ -115.201190182081973, 36.119040572490619 ], [ -115.201241108785439, 36.119039489904104 ], [ -115.201238640039435, 36.118963708810739 ], [ -115.20121719721692, 36.118964164637077 ], [ -115.201215292755705, 36.118905704886856 ] ] ] } },
{ "type": "Feature", "properties": { "id": "08b2986b8181bfff02008e1cee5ecf53", "height": 1.6225296 }, "geometry": { "type": "Polygon", "coordinates": [ [ [ -115.200969852914241, 36.119081590348969 ], [ -115.201062080246672, 36.119080636148304 ], [ -115.201061089597886, 36.119017812903671 ], [ -115.201027855743135, 36.119018156747408 ], [ -115.201027065739922, 36.11896833142459 ], [ -115.200968066819982, 36.118968941838958 ], [ -115.200969852914241, 36.119081590348969 ] ] ] } },
{ "type": "Feature", "properties": { "id": "08b2986b8181bfff02006ce72c45d60b", "height": 3.6885371 }, "geometry": { "type": "Polygon", "coordinates": [ [ [ -115.20113329822864, 36.119232156960528 ], [ -115.20108234768702, 36.119232773400391 ], [ -115.2010819460465, 36.119211111585315 ], [ -115.200921049599273, 36.119213058238024 ], [ -115.200923138130037, 36.119325699608353 ], [ -115.201134985118898, 36.11932313651927 ], [ -115.20113329822864, 36.119232156960528 ] ] ] } },
{ "type": "Feature", "properties": { "id": "08b2986b8181afff0200f37903d8f98e", "height": 1.6083467 }, "geometry": { "type": "Polygon", "coordinates": [ [ [ -115.200742110142215, 36.11899074856295 ], [ -115.200708881160949, 36.118991272707042 ], [ -115.20070757228099, 36.11893712648903 ], [ -115.200651267360669, 36.118938014626778 ], [ -115.200655089290194, 36.119096121476908 ], [ -115.200711394210515, 36.119095233340957 ], [ -115.200710294751318, 36.119049750580558 ], [ -115.200743518667892, 36.119049226516736 ], [ -115.200742110142215, 36.11899074856295 ] ] ] } },
{ "type": "Feature", "properties": { "id": "08b2986b8181bfff0200d897a5ee5342", "height": 2.272839 }, "geometry": { "type": "Polygon", "coordinates": [ [ [ -115.201132653791348, 36.11940445355475 ], [ -115.201130081604802, 36.119363392098272 ], [ -115.201044470129034, 36.119366891531307 ], [ -115.201043251724869, 36.119347441361072 ], [ -115.200930886662888, 36.119352034367836 ], [ -115.200936382879831, 36.119439773975401 ], [ -115.201078177387515, 36.119433986040804 ], [ -115.201076471260379, 36.119406750056491 ], [ -115.201132653791348, 36.11940445355475 ] ] ] } },
{ "type": "Feature", "properties": { "id": "08b2986b818f5fff02000f8fd9bc1109", "height": 2.8659825 }, "geometry": { "type": "Polygon", "coordinates": [ [ [ -115.201186900704741, 36.119558156712323 ], [ -115.201183305435734, 36.119482435027969 ], [ -115.201102957358813, 36.119484924359831 ], [ -115.201102032861073, 36.119465453058382 ], [ -115.201000258630302, 36.119468606212713 ], [ -115.201004881119061, 36.11956596266775 ], [ -115.201037020349816, 36.119564966936061 ], [ -115.201038458457433, 36.119595255586717 ], [ -115.201142910957415, 36.119592019459844 ], [ -115.201141370127829, 36.119559567332352 ], [ -115.201186900704741, 36.119558156712323 ] ] ] } },
{ "type": "Feature", "properties": { "id": "08b2986b818f4fff0200b60fdcf58832", "height": 2.8033557 }, "geometry": { "type": "Polygon", "coordinates": [ [ [ -115.200608276136478, 36.119426803850729 ], [ -115.200729841383747, 36.119414796990888 ], [ -115.200724674313264, 36.119380640735173 ], [ -115.200740530649867, 36.119379074622202 ], [ -115.200726321206005, 36.119285144840475 ], [ -115.200588899622133, 36.119298717834752 ], [ -115.200608276136478, 36.119426803850729 ] ] ] } },
{ "type": "Feature", "properties": { "id": "08b2986b818f5fff0200782daa0190a4", "height": 2.3169103 }, "geometry": { "type": "Polygon", "coordinates": [ [ [ -115.200815698012477, 36.119544375552472 ], [ -115.200783513112526, 36.119544559333193 ], [ -115.200782982253912, 36.119483895901887 ], [ -115.200740069054007, 36.119484140943037 ], [ -115.200740941178893, 36.119583802269403 ], [ -115.200716802503933, 36.119583940104881 ], [ -115.200717541914187, 36.119668435477983 ], [ -115.200816778688989, 36.119667868821658 ], [ -115.200815698012477, 36.119544375552472 ] ] ] } },
{ "type": "Feature", "properties": { "id": "08b2986b818f4fff02009e74e6df4835", "height": 3.1039042 }, "geometry": { "type": "Polygon", "coordinates": [ [ [ -115.20054017434579, 36.119556557077843 ], [ -115.200542312983316, 36.11967136388332 ], [ -115.20068175627793, 36.119669668914113 ], [ -115.200680142211894, 36.119583022282143 ], [ -115.200645281388248, 36.119583446024919 ], [ -115.200643990135404, 36.119514128650891 ], [ -115.200560860479001, 36.1195151391153 ], [ -115.200561627160354, 36.119556296312986 ], [ -115.20054017434579, 36.119556557077843 ] ] ] } },
{ "type": "Feature", "properties": { "id": "08b2986b8181afff020020bc51c5ac2b", "height": 3.0806577 }, "geometry": { "type": "Polygon", "coordinates": [ [ [ -115.200509689562139, 36.119031394674394 ], [ -115.20051166636344, 36.119107194542174 ], [ -115.200609227787936, 36.119105534292252 ], [ -115.200607257551184, 36.119029734311184 ], [ -115.200509689562139, 36.119031394674394 ] ] ] } },
{ "type": "Feature", "properties": { "id": "08b2986b818f4fff0200b3cf8b535155", "height": 2.7037761 }, "geometry": { "type": "Polygon", "coordinates": [ [ [ -115.200310713403667, 36.119293231438519 ], [ -115.200312365282187, 36.119466554212309 ], [ -115.200406237033832, 36.119465970425253 ], [ -115.20040570017332, 36.11940964056533 ], [ -115.200427156573696, 36.119409507128196 ], [ -115.200426371931385, 36.119327178798535 ], [ -115.20039955143092, 36.119327345595138 ], [ -115.200399221055221, 36.119292681009526 ], [ -115.200310713403667, 36.119293231438519 ] ] ] } },
{ "type": "Feature", "properties": { "id": "08b2986b818f4fff0200b243d9dcd6e9", "height": 2.3457992 }, "geometry": { "type": "Polygon", "coordinates": [ [ [ -115.200419810172491, 36.119491021900217 ], [ -115.200421154069659, 36.11957767465293 ], [ -115.200394336188609, 36.119577946049091 ], [ -115.200395814475499, 36.119673263966298 ], [ -115.200470904542456, 36.119672504057931 ], [ -115.200468082358398, 36.119490533386568 ], [ -115.200419810172491, 36.119491021900217 ] ] ] } },
{ "type": "Feature", "properties": { "id": "08b2986b818f4fff02004bfc64a56e3d", "height": 2.0 }, "geometry": { "type": "Polygon", "coordinates": [ [ [ -115.200365722788362, 36.119500743221138 ], [ -115.20033087607041, 36.1195000359548 ], [ -115.200330028587786, 36.119527282147409 ], [ -115.200364875244475, 36.119527991382355 ], [ -115.200365722788362, 36.119500743221138 ] ] ] } },
{ "type": "Feature", "properties": { "id": "08b2986b818f4fff02009ef5caced3c2", "height": 3.0116441 }, "geometry": { "type": "Polygon", "coordinates": [ [ [ -115.200323907800041, 36.119530861654511 ], [ -115.200324572163851, 36.1194983706283 ], [ -115.200245138818303, 36.119497310785327 ], [ -115.200243671026385, 36.119568790943582 ], [ -115.200223895897963, 36.119568527093278 ], [ -115.200221965685131, 36.119662924941913 ], [ -115.20036508029078, 36.119664842542079 ], [ -115.200367819460112, 36.119531447547566 ], [ -115.200323907800041, 36.119530861654511 ] ] ] } },
{ "type": "Feature", "properties": { "id": "08b2986b818a9fff0200207551508e80", "height": 2.7514954 }, "geometry": { "type": "Polygon", "coordinates": [ [ [ -115.200128285888979, 36.119446660647959 ], [ -115.200251659855141, 36.119447441859236 ], [ -115.200252283875656, 36.119383705034551 ], [ -115.200273740205731, 36.11938384211048 ], [ -115.200274652302483, 36.119290681374245 ], [ -115.200129822074516, 36.119289756110653 ], [ -115.200128285888979, 36.119446660647959 ] ] ] } },
{ "type": "Feature", "properties": { "id": "08b2986b818a9fff02001b4fc8ca9e0e", "height": 3.1156485 }, "geometry": { "type": "Polygon", "coordinates": [ [ [ -115.199957894264728, 36.119430090662988 ], [ -115.200083938963189, 36.119428836470185 ], [ -115.200081890823185, 36.119294523707552 ], [ -115.199955846124723, 36.119295777902494 ], [ -115.199957894264728, 36.119430090662988 ] ] ] } },
{ "type": "Feature", "properties": { "id": "08b2986b818f6fff0200802481174ec1", "height": 2.8064396 }, "geometry": { "type": "Polygon", "coordinates": [ [ [ -115.200189951557931, 36.11952280871818 ], [ -115.200078370266453, 36.119520676485372 ], [ -115.200076087311174, 36.119598632552332 ], [ -115.200093850388328, 36.11959897199079 ], [ -115.200091673889375, 36.119673513356815 ], [ -115.200185499009038, 36.119675300974841 ], [ -115.200189951557931, 36.11952280871818 ] ] ] } },
{ "type": "Feature", "properties": { "id": "08b2986b818f6fff0200e05922096d0e", "height": 2.7244215 }, "geometry": { "type": "Polygon", "coordinates": [ [ [ -115.200040053116481, 36.119562888066092 ], [ -115.200007872120693, 36.119563228292009 ], [ -115.200007345643371, 36.119530733980966 ], [ -115.199921529654603, 36.119531641250454 ], [ -115.199922407116787, 36.119585798427444 ], [ -115.199892907870634, 36.119586110301128 ], [ -115.199894417105597, 36.119679260557795 ], [ -115.200041913336307, 36.119677701191293 ], [ -115.200040053116481, 36.119562888066092 ] ] ] } },
{ "type": "Feature", "properties": { "id": "08b2986b818f5fff0200ea81e0cfb3bd", "height": 3.0030458 }, "geometry": { "type": "Polygon", "coordinates": [ [ [ -115.201110515461437, 36.119724370569479 ], [ -115.201169504974487, 36.119723513465793 ], [ -115.201170083729892, 36.119749504895559 ], [ -115.201283689298876, 36.119747854234021 ], [ -115.201281604658746, 36.119653869013497 ], [ -115.201222614997505, 36.11965472278505 ], [ -115.201222134576767, 36.119633063180288 ], [ -115.201108518922197, 36.119634707567371 ], [ -115.201110515461437, 36.119724370569479 ] ] ] } },
{ "type": "Feature", "properties": { "id": "08b2986b818f5fff0200d8240cb785e2", "height": 3.1159368 }, "geometry": { "type": "Polygon", "coordinates": [ [ [ -115.200871766459045, 36.119786348624039 ], [ -115.200873988745684, 36.119924990977992 ], [ -115.200911533377564, 36.11992459829338 ], [ -115.200912054226009, 36.119957092559815 ], [ -115.200960325895593, 36.119956587679802 ], [ -115.200959666154247, 36.119915428273096 ], [ -115.200986483748437, 36.119915147784049 ], [ -115.200985094819302, 36.119828496330655 ], [ -115.20095827722507, 36.119828776820007 ], [ -115.200957582760509, 36.119785451057609 ], [ -115.200871766459045, 36.119786348624039 ] ] ] } },
{ "type": "Feature", "properties": { "id": "08b2986b818f0fff020032d1b47ea5bd", "height": 2.5392709 }, "geometry": { "type": "Polygon", "coordinates": [ [ [ -115.200733009610076, 36.119920514824074 ], [ -115.200765188138519, 36.119920105494565 ], [ -115.200766032689756, 36.119963427702999 ], [ -115.200813329802983, 36.119962826056693 ], [ -115.200811438267365, 36.119866226900221 ], [ -115.200838253648513, 36.11986588427682 ], [ -115.200836557042663, 36.119779239919772 ], [ -115.200730281980185, 36.119780597810816 ], [ -115.200733009610076, 36.119920514824074 ] ] ] } },
{ "type": "Feature", "properties": { "id": "08b2986b818f0fff0200534fb01fe41a", "height": 2.783635 }, "geometry": { "type": "Polygon", "coordinates": [ [ [ -115.200588761565626, 36.119785496350332 ], [ -115.200591669743915, 36.119902448113386 ], [ -115.200618480978619, 36.119902011563653 ], [ -115.200619988922909, 36.119962653150317 ], [ -115.200672640775863, 36.119961795855403 ], [ -115.200670370981342, 36.11987083358509 ], [ -115.200697182178246, 36.11987039703579 ], [ -115.200695020469198, 36.119783766203724 ], [ -115.200588761565626, 36.119785496350332 ] ] ] } },
{ "type": "Feature", "properties": { "id": "08b2986b818f1fff02007bf9d0195e71", "height": 2.8832843 }, "geometry": { "type": "Polygon", "coordinates": [ [ [ -115.201122189651429, 36.119978955854108 ], [ -115.200990848064265, 36.119981681016128 ], [ -115.200992087355303, 36.120020654929441 ], [ -115.200973324271416, 36.120021044238086 ], [ -115.200975320906977, 36.120083835501873 ], [ -115.200996764431409, 36.120083390578046 ], [ -115.200999518411493, 36.120169999135832 ], [ -115.201128179558083, 36.120167329595759 ], [ -115.201122189651429, 36.119978955854108 ] ] ] } },
{ "type": "Feature", "properties": { "id": "08b2986b818f1fff0200d79fd071e083", "height": 3.1114156 }, "geometry": { "type": "Polygon", "coordinates": [ [ [ -115.20095390393422, 36.120004641929931 ], [ -115.200816187328229, 36.120002664305119 ], [ -115.200815218549849, 36.120046859041246 ], [ -115.20079473096618, 36.120046565995864 ], [ -115.200792033240276, 36.120169149007644 ], [ -115.200950233576521, 36.120171420776153 ], [ -115.20095390393422, 36.120004641929931 ] ] ] } },
{ "type": "Feature", "properties": { "id": "08b2986b818f1fff0200ddaff605ac9d", "height": 2.6994874 }, "geometry": { "type": "Polygon", "coordinates": [ [ [ -115.200675802396503, 36.120001726399437 ], [ -115.200672599795936, 36.120172852131724 ], [ -115.200765503254601, 36.120173986642357 ], [ -115.200768691031683, 36.120002860731525 ], [ -115.200675802396503, 36.120001726399437 ] ] ] } },
{ "type": "Feature", "properties": { "id": "08b2986b818f0fff02001566d062bb2a", "height": 3.2842104 }, "geometry": { "type": "Polygon", "coordinates": [ [ [ -115.200556413552732, 36.119869601892979 ], [ -115.200554115989078, 36.119782084843912 ], [ -115.200413717888452, 36.11978448992074 ], [ -115.200416341845241, 36.119884110896415 ], [ -115.200451194836617, 36.1198835138512 ], [ -115.200452107517251, 36.119918164595994 ], [ -115.200533511968231, 36.119916770106876 ], [ -115.20053228455869, 36.119870016596224 ], [ -115.200556413552732, 36.119869601892979 ] ] ] } },
{ "type": "Feature", "properties": { "id": "08b2986b818f0fff02008c4e061ecf4f", "height": 2.62651 }, "geometry": { "type": "Polygon", "coordinates": [ [ [ -115.200276809138416, 36.119918217547884 ], [ -115.200306296935722, 36.119917654061567 ], [ -115.200307781962223, 36.11996836300893 ], [ -115.200382841685695, 36.119966924439815 ], [ -115.200377425027057, 36.119781962556722 ], [ -115.200272877382076, 36.119783960375308 ], [ -115.200276809138416, 36.119918217547884 ] ] ] } },
{ "type": "Feature", "properties": { "id": "08b2986b818f6fff0200629633183bbe", "height": 2.7671685 }, "geometry": { "type": "Polygon", "coordinates": [ [ [ -115.200235481559432, 36.119900777229255 ], [ -115.200233671061767, 36.119785963392772 ], [ -115.200095914632541, 36.119787380844699 ], [ -115.200097735076369, 36.119902194576746 ], [ -115.200235481559432, 36.119900777229255 ] ] ] } },
{ "type": "Feature", "properties": { "id": "08b2986b818f6fff0200279238d28a0c", "height": 2.0772727 }, "geometry": { "type": "Polygon", "coordinates": [ [ [ -115.199999304554041, 36.119971342174217 ], [ -115.200041243352459, 36.119970924870074 ], [ -115.200040252316981, 36.119905935301034 ], [ -115.200062682454345, 36.119905712113976 ], [ -115.200060927648423, 36.119789978727134 ], [ -115.199996564287503, 36.119790615525318 ], [ -115.199999304554041, 36.119971342174217 ] ] ] } },
{ "type": "Feature", "properties": { "id": "08b2986b818f0fff02002cd7e9fa5024", "height": 2.6717257 }, "geometry": { "type": "Polygon", "coordinates": [ [ [ -115.200618360786962, 36.119981854784683 ], [ -115.200511165935879, 36.119984412253615 ], [ -115.200518210351177, 36.120177075480505 ], [ -115.200625405202203, 36.120174518017869 ], [ -115.200618360786962, 36.119981854784683 ] ] ] } },
{ "type": "Feature", "properties": { "id": "08b2986b818f2fff0200d0b6718ba0d7", "height": 1.6335425 }, "geometry": { "type": "Polygon", "coordinates": [ [ [ -115.200314265560195, 36.120046144206221 ], [ -115.200274064884525, 36.120047066954022 ], [ -115.200272084862462, 36.119990779620835 ], [ -115.200223844051635, 36.119991886918996 ], [ -115.200226357156595, 36.120063328526285 ], [ -115.200204916796238, 36.120063820658352 ], [ -115.200208952995084, 36.120178560072709 ], [ -115.200318834841937, 36.120176037899562 ], [ -115.200314265560195, 36.120046144206221 ] ] ] } },
{ "type": "Feature", "properties": { "id": "08b2986b818f2fff02003decd0ef0011", "height": 3.2161589 }, "geometry": { "type": "Polygon", "coordinates": [ [ [ -115.200032937973049, 36.120024305576656 ], [ -115.200036239672485, 36.120182425538424 ], [ -115.200174723085041, 36.120180538687045 ], [ -115.20017140768951, 36.120022418908107 ], [ -115.200032937973049, 36.120024305576656 ] ] ] } },
{ "type": "Feature", "properties": { "id": "08b2986b818f2fff02001fd5780d7d33", "height": 3.0677712 }, "geometry": { "type": "Polygon", "coordinates": [ [ [ -115.199863241912254, 36.120049359473953 ], [ -115.199860578773297, 36.120182419615624 ], [ -115.200005380374947, 36.120184302501862 ], [ -115.200008043350095, 36.120051250547718 ], [ -115.199863241912254, 36.120049359473953 ] ] ] } },
{ "type": "Feature", "properties": { "id": "08b2986b818a9fff0200012c0588f775", "height": 2.680859 }, "geometry": { "type": "Polygon", "coordinates": [ [ [ -115.199917923270576, 36.119401964169519 ], [ -115.199916071746003, 36.119294578386722 ], [ -115.199814167670411, 36.119295730643692 ], [ -115.19981616849546, 36.11941177563321 ], [ -115.19984464857761, 36.119411455211839 ], [ -115.199845774705651, 36.119476442381618 ], [ -115.199903103035965, 36.119475797397293 ], [ -115.199901833137702, 36.119402145195096 ], [ -115.199917923270576, 36.119401964169519 ] ] ] } },
{ "type": "Feature", "properties": { "id": "08b2986b818abfff02006322066be1b5", "height": 1.7284137 }, "geometry": { "type": "Polygon", "coordinates": [ [ [ -115.199742955805348, 36.119294229469425 ], [ -115.199665183410914, 36.119293460000101 ], [ -115.199663803842085, 36.119384446247857 ], [ -115.199693303715847, 36.119384738115194 ], [ -115.199691891300148, 36.119477890592606 ], [ -115.199740163820849, 36.119478368193143 ], [ -115.199742955805348, 36.119294229469425 ] ] ] } },
{ "type": "Feature", "properties": { "id": "08b2986b818abfff0200ff7bdf24c2e1", "height": 1.7855108 }, "geometry": { "type": "Polygon", "coordinates": [ [ [ -115.199708987365597, 36.119651320875775 ], [ -115.199709664324757, 36.11950926183296 ], [ -115.19962818899991, 36.119509013092483 ], [ -115.199627712561707, 36.119610844569436 ], [ -115.199614301708181, 36.119610803626756 ], [ -115.199613961465786, 36.119683525221461 ], [ -115.199678333545634, 36.119683725385414 ], [ -115.199678485600359, 36.119651226030982 ], [ -115.199708987365597, 36.119651320875775 ] ] ] } },
{ "type": "Feature", "properties": { "id": "08b2986b818f6fff020085fe145ca06b", "height": 3.0737913 }, "geometry": { "type": "Polygon", "coordinates": [ [ [ -115.199925518772716, 36.119905789390103 ], [ -115.199926010862242, 36.119792198957597 ], [ -115.199824088192827, 36.119791905080312 ], [ -115.19982364704552, 36.11989373637293 ], [ -115.199826329221025, 36.119893744106541 ], [ -115.199826028865445, 36.11996307597488 ], [ -115.199902100647137, 36.119963295314896 ], [ -115.199902355042909, 36.119905723910968 ], [ -115.199925518772716, 36.119905789390103 ] ] ] } },
{ "type": "Feature", "properties": { "id": "08b2986b818f2fff0200ac2c343504d3", "height": 3.5970695 }, "geometry": { "type": "Polygon", "coordinates": [ [ [ -115.199832653480456, 36.120015857279057 ], [ -115.199720007999218, 36.120016589657297 ], [ -115.199721691779757, 36.120185576878313 ], [ -115.199834337261009, 36.120184844501679 ], [ -115.199832653480456, 36.120015857279057 ] ] ] } },
{ "type": "Feature", "properties": { "id": "08b2986b8188dfff02006ea7481a62bc", "height": 1.6356243 }, "geometry": { "type": "Polygon", "coordinates": [ [ [ -115.199696517542023, 36.120048453262754 ], [ -115.19961175229875, 36.120046081088184 ], [ -115.199609985307262, 36.120087197877098 ], [ -115.199585874423391, 36.120086523128876 ], [ -115.199581637027279, 36.120185124604554 ], [ -115.199690524981804, 36.120188178009322 ], [ -115.199696517542023, 36.120048453262754 ] ] ] } },
{ "type": "Feature", "properties": { "id": "08b2986b818eefff020009e8f2cf9f4a", "height": 3.454066 }, "geometry": { "type": "Polygon", "coordinates": [ [ [ -115.202578956135824, 36.120374281045365 ], [ -115.202573479937854, 36.120261012333089 ], [ -115.202377009058495, 36.120267199271851 ], [ -115.202381811639427, 36.12036671334937 ], [ -115.202479200256448, 36.120363646550672 ], [ -115.202479865534826, 36.120377407041786 ], [ -115.202578956135824, 36.120374281045365 ] ] ] } },
{ "type": "Feature", "properties": { "id": "08b2986b818eefff0200135cc6675b28", "height": 2.7880247 }, "geometry": { "type": "Polygon", "coordinates": [ [ [ -115.202423498130997, 36.120483741958893 ], [ -115.202491463112807, 36.120477839979962 ], [ -115.202494026917847, 36.120497117035598 ], [ -115.202629257752335, 36.120485373790622 ], [ -115.202617476451366, 36.120396791030281 ], [ -115.202414273187344, 36.120414425431214 ], [ -115.202423498130997, 36.120483741958893 ] ] ] } },
{ "type": "Feature", "properties": { "id": "08b2986b818eefff0200504abe26922b", "height": 2.6927297 }, "geometry": { "type": "Polygon", "coordinates": [ [ [ -115.2024813146881, 36.120529366667625 ], [ -115.202478483869058, 36.120626029382521 ], [ -115.202534778754838, 36.120627105119425 ], [ -115.202534121812874, 36.12064953740591 ], [ -115.20256997245383, 36.120650220447466 ], [ -115.202570690622011, 36.120625624729307 ], [ -115.202602859181411, 36.120626239437129 ], [ -115.202605618607066, 36.120531734961993 ], [ -115.2024813146881, 36.120529366667625 ] ] ] } },
{ "type": "Feature", "properties": { "id": "08b2986b818e3fff0200608a23e95c9e", "height": 3.4889667 }, "geometry": { "type": "Polygon", "coordinates": [ [ [ -115.202300732711691, 36.120278048677939 ], [ -115.202245208153343, 36.120283438541236 ], [ -115.202242348540864, 36.120264216382957 ], [ -115.202107503184862, 36.120277306052607 ], [ -115.202124978594355, 36.120394774704572 ], [ -115.202315348508705, 36.120376295197971 ], [ -115.202300732711691, 36.120278048677939 ] ] ] } },
{ "type": "Feature", "properties": { "id": "08b2986b818c5fff0200831e18d7e5e7", "height": 2.2306132 }, "geometry": { "type": "Polygon", "coordinates": [ [ [ -115.202149130085331, 36.120503248174082 ], [ -115.202267099351587, 36.120501327372594 ], [ -115.202266485084479, 36.120476710728134 ], [ -115.202317426430369, 36.120475884169664 ], [ -115.202316527429346, 36.120439856849835 ], [ -115.202249499437144, 36.120440948215162 ], [ -115.202248904967149, 36.120417124918987 ], [ -115.202147022419013, 36.120418783794783 ], [ -115.202149130085331, 36.120503248174082 ] ] ] } },
{ "type": "Feature", "properties": { "id": "08b2986b818eafff020040b2cb2f4d5a", "height": 2.4770045 }, "geometry": { "type": "Polygon", "coordinates": [ [ [ -115.202431104806649, 36.120847933692069 ], [ -115.202499154337474, 36.120846887254693 ], [ -115.202499685094381, 36.120869325816962 ], [ -115.20262200130685, 36.120867437974447 ], [ -115.202620043463767, 36.120784362814199 ], [ -115.202429675614084, 36.120787290214125 ], [ -115.202431104806649, 36.120847933692069 ] ] ] } },
{ "type": "Feature", "properties": { "id": "08b2986b818eafff02004860f7d11d6e", "height": 2.6542318 }, "geometry": { "type": "Polygon", "coordinates": [ [ [ -115.202513418749916, 36.120914071829056 ], [ -115.202511003150107, 36.121002860347716 ], [ -115.202580706919946, 36.121004097731024 ], [ -115.202580117749278, 36.121025753451704 ], [ -115.202655183347574, 36.121027086017982 ], [ -115.20265818811805, 36.120916641781918 ], [ -115.202513418749916, 36.120914071829056 ] ] ] } },
{ "type": "Feature", "properties": { "id": "08b2986b818eafff02005f9ee58dee25", "height": 2.9892502 }, "geometry": { "type": "Polygon", "coordinates": [ [ [ -115.202153447843912, 36.120922872721678 ], [ -115.202292854307913, 36.120920374327433 ], [ -115.202291943249108, 36.120887099094247 ], [ -115.202369689282023, 36.120885710151619 ], [ -115.202367554771101, 36.120807749871076 ], [ -115.202254957068277, 36.120809761445194 ], [ -115.202254660608418, 36.120798933622588 ], [ -115.202150105598662, 36.120800801513049 ], [ -115.202153447843912, 36.120922872721678 ] ] ] } },
{ "type": "Feature", "properties": { "id": "08b2986b818c5fff02001ead649ac15c", "height": 2.1237447 }, "geometry": { "type": "Polygon", "coordinates": [ [ [ -115.201768098590705, 36.120478894282996 ], [ -115.201849524039829, 36.120477678977856 ], [ -115.201849872149637, 36.120492840210247 ], [ -115.201996355344903, 36.120490653894393 ], [ -115.201994491234657, 36.120409158708298 ], [ -115.201812163504314, 36.120411890327915 ], [ -115.201812739276988, 36.120437061970591 ], [ -115.201767157285488, 36.120437742299146 ], [ -115.201768098590705, 36.120478894282996 ] ] ] } },
{ "type": "Feature", "properties": { "id": "08b2986b818c5fff0200e79d01007ac4", "height": 3.025 }, "geometry": { "type": "Polygon", "coordinates": [ [ [ -115.201791290150268, 36.120630350593409 ], [ -115.201869056766412, 36.120629409728252 ], [ -115.201869538735082, 36.120655403436068 ], [ -115.201995574285405, 36.120653878586111 ], [ -115.201993847231108, 36.120560734424814 ], [ -115.201929488652212, 36.120561513072531 ], [ -115.201929152273195, 36.12054337133695 ], [ -115.201789708539465, 36.120545050525607 ], [ -115.201791290150268, 36.120630350593409 ] ] ] } },
{ "type": "Feature", "properties": { "id": "08b2986b818c4fff02004f9c2810e313", "height": 2.78365 }, "geometry": { "type": "Polygon", "coordinates": [ [ [ -115.201727829502701, 36.120486051299956 ], [ -115.201726598549982, 36.12044924533091 ], [ -115.20164520686177, 36.120451016916718 ], [ -115.201644656717832, 36.12043452466591 ], [ -115.20154110937834, 36.120436784350034 ], [ -115.201541371118608, 36.120444610489379 ], [ -115.201500183776034, 36.12044550698036 ], [ -115.201501844871245, 36.1204953033835 ], [ -115.201571531708112, 36.12049378656841 ], [ -115.201572470588005, 36.120521932348055 ], [ -115.20167700084329, 36.120519657126174 ], [ -115.201675917520319, 36.120487181224753 ], [ -115.201727829502701, 36.120486051299956 ] ] ] } },
{ "type": "Feature", "properties": { "id": "08b2986b818c4fff0200ef975493d579", "height": 3.0018094 }, "geometry": { "type": "Polygon", "coordinates": [ [ [ -115.201734355673736, 36.120555749356448 ], [ -115.201576265308617, 36.120559807076347 ], [ -115.201576639415762, 36.120569296684494 ], [ -115.201512331613841, 36.120570950914157 ], [ -115.201514943855727, 36.120637213049875 ], [ -115.201571213307716, 36.120635768778151 ], [ -115.2015722700514, 36.120662574126264 ], [ -115.201686486469583, 36.120659636069583 ], [ -115.201685347158815, 36.120630672668419 ], [ -115.201737256837603, 36.120629340299175 ], [ -115.201734355673736, 36.120555749356448 ] ] ] } },
{ "type": "Feature", "properties": { "id": "08b2986b818c4fff0200249a65c2500a", "height": 2.9802766 }, "geometry": { "type": "Polygon", "coordinates": [ [ [ -115.201702239842206, 36.120391709798604 ], [ -115.20168542248976, 36.12026179099896 ], [ -115.201467860064383, 36.120280167248715 ], [ -115.201484675841897, 36.12041007385087 ], [ -115.201702239842206, 36.120391709798604 ] ] ] } },
{ "type": "Feature", "properties": { "id": "08b2986b818c1fff02007b6c3ec619e5", "height": 3.061739 }, "geometry": { "type": "Polygon", "coordinates": [ [ [ -115.201987559740672, 36.120787807119143 ], [ -115.201850794012415, 36.120789353536843 ], [ -115.201851449569261, 36.120826995876577 ], [ -115.201786072183296, 36.120827738798084 ], [ -115.201787221626333, 36.120894070244645 ], [ -115.201883762234957, 36.120892978656066 ], [ -115.201884076660946, 36.120911123373688 ], [ -115.201989686444819, 36.120909923269167 ], [ -115.201987559740672, 36.120787807119143 ] ] ] } },
{ "type": "Feature", "properties": { "id": "08b2986b818c0fff0200250371295872", "height": 3.2266924 }, "geometry": { "type": "Polygon", "coordinates": [ [ [ -115.201517608861522, 36.120794962339389 ], [ -115.201515255394384, 36.120914096234671 ], [ -115.20173245901583, 36.120916895994263 ], [ -115.201734470160474, 36.120815090680431 ], [ -115.201632572165238, 36.120813777211289 ], [ -115.201632914487732, 36.12079644863379 ], [ -115.201517608861522, 36.120794962339389 ] ] ] } },
{ "type": "Feature", "properties": { "id": "08b2986b818ccfff0200bfbc47ad4d9b", "height": 2.721202 }, "geometry": { "type": "Polygon", "coordinates": [ [ [ -115.202489743398445, 36.121145800938692 ], [ -115.20254499974267, 36.121144848143523 ], [ -115.202545800961587, 36.121175166923436 ], [ -115.202702344927616, 36.121172467608396 ], [ -115.202699703723681, 36.121072848861509 ], [ -115.202612874056257, 36.121074346082594 ], [ -115.202612244527117, 36.121050524154498 ], [ -115.20254521984333, 36.121051679874661 ], [ -115.202545927149785, 36.121078444962158 ], [ -115.202487984158196, 36.121079447360337 ], [ -115.202489743398445, 36.121145800938692 ] ] ] } },
{ "type": "Feature", "properties": { "id": "08b2986b818ccfff0200a810a2e1313b", "height": 2.8325288 }, "geometry": { "type": "Polygon", "coordinates": [ [ [ -115.202244923958332, 36.121087790863413 ], [ -115.202276751660548, 36.121187313466329 ], [ -115.202424121649315, 36.12115656166872 ], [ -115.202392302030859, 36.12105703733998 ], [ -115.202244923958332, 36.121087790863413 ] ] ] } },
{ "type": "Feature", "properties": { "id": "08b2986b818ccfff02009e775a8ab019", "height": 2.5495882 }, "geometry": { "type": "Polygon", "coordinates": [ [ [ -115.20244710128857, 36.121266660494506 ], [ -115.202501585841574, 36.12124552052591 ], [ -115.202464946810068, 36.121183905016267 ], [ -115.202412641639171, 36.12120419940215 ], [ -115.202402173344467, 36.121186594966495 ], [ -115.202304101149025, 36.121224646934429 ], [ -115.202364817258399, 36.121326752556797 ], [ -115.202460710071705, 36.121289546236753 ], [ -115.20244710128857, 36.121266660494506 ] ] ] } },
{ "type": "Feature", "properties": { "id": "08b2986b818c1fff02009881fd261c25", "height": 2.9525423 }, "geometry": { "type": "Polygon", "coordinates": [ [ [ -115.202222375663936, 36.121039573289806 ], [ -115.202382243524141, 36.121037828927783 ], [ -115.202381126390122, 36.120970675951085 ], [ -115.202311401611937, 36.120971436737889 ], [ -115.202311064123577, 36.120951149681538 ], [ -115.202176977885543, 36.120952605154251 ], [ -115.202178022947379, 36.121015425756092 ], [ -115.202221963885449, 36.121014948788542 ], [ -115.202222375663936, 36.121039573289806 ] ] ] } },
{ "type": "Feature", "properties": { "id": "08b2986b818c1fff0200957cd73aa617", "height": 1.9572161 }, "geometry": { "type": "Polygon", "coordinates": [ [ [ -115.202067332247978, 36.121084694770616 ], [ -115.20194667007938, 36.121082982538056 ], [ -115.201946057722992, 36.121111139852644 ], [ -115.20190583700014, 36.121110569108652 ], [ -115.20190498912207, 36.121149556143202 ], [ -115.201996156093884, 36.121150849828915 ], [ -115.201995985264446, 36.121158704886398 ], [ -115.202065701098391, 36.121159698115534 ], [ -115.202067332247978, 36.121084694770616 ] ] ] } },
{ "type": "Feature", "properties": { "id": "08b2986b818c1fff020074b0c2af259b", "height": 2.294245 }, "geometry": { "type": "Polygon", "coordinates": [ [ [ -115.202142436413936, 36.121196398590392 ], [ -115.202022808312648, 36.121195086534833 ], [ -115.202020914896011, 36.121307729563121 ], [ -115.202140533239202, 36.121309041509754 ], [ -115.202142436413936, 36.121196398590392 ] ] ] } },
{ "type": "Feature", "properties": { "id": "08b2986b818ccfff0200d9f5c3d67931", "height": 2.8411782 }, "geometry": { "type": "Polygon", "coordinates": [ [ [ -115.202565524206662, 36.121308983903937 ], [ -115.202497337186117, 36.121326523909076 ], [ -115.202492684166444, 36.121314721165696 ], [ -115.20239283888634, 36.121340404741446 ], [ -115.202435491566646, 36.121448596453909 ], [ -115.20260352386731, 36.121405372929949 ], [ -115.202565524206662, 36.121308983903937 ] ] ] } },
{ "type": "Feature", "properties": { "id": "08b2986b818ccfff0200199dc1febe3c", "height": 2.6849763 }, "geometry": { "type": "Polygon", "coordinates": [ [ [ -115.202603212302947, 36.121522481368835 ], [ -115.202646061623312, 36.121507420836586 ], [ -115.202603865921148, 36.121429087611588 ], [ -115.20246404182312, 36.121478232544611 ], [ -115.202519975660891, 36.121582069528436 ], [ -115.202616950438539, 36.12154798518776 ], [ -115.202603212302947, 36.121522481368835 ] ] ] } },
{ "type": "Feature", "properties": { "id": "08b2986b818c8fff0200573ed0a5d3ef", "height": 2.6328452 }, "geometry": { "type": "Polygon", "coordinates": [ [ [ -115.202224821024657, 36.121565070472144 ], [ -115.202227092628704, 36.121662533119128 ], [ -115.202298397547167, 36.121661452757913 ], [ -115.202298918852904, 36.121683902700838 ], [ -115.202380447714646, 36.121682662824874 ], [ -115.202377652967769, 36.121562754868755 ], [ -115.202224821024657, 36.121565070472144 ] ] ] } },
{ "type": "Feature", "properties": { "id": "08b2986b818cefff0200d116eac413c0", "height": 2.740104 }, "geometry": { "type": "Polygon", "coordinates": [ [ [ -115.202089243326398, 36.121422750005323 ], [ -115.202228693145059, 36.121424263689242 ], [ -115.202230127103391, 36.12133761493984 ], [ -115.202050451375499, 36.121335664614136 ], [ -115.202049434269313, 36.121397124556125 ], [ -115.20208966021616, 36.121397558922105 ], [ -115.202089243326398, 36.121422750005323 ] ] ] } },
{ "type": "Feature", "properties": { "id": "08b2986b818cefff0200795ecc917243", "height": 2.9537222 }, "geometry": { "type": "Polygon", "coordinates": [ [ [ -115.202100479978611, 36.121533468334519 ], [ -115.202290867912069, 36.121531003485515 ], [ -115.20228936368585, 36.121455191792975 ], [ -115.202098975752392, 36.121457656644381 ], [ -115.202100479978611, 36.121533468334519 ] ] ] } },
{ "type": "Feature", "properties": { "id": "08b2986b818cefff0200f92061566ee9", "height": 2.0 }, "geometry": { "type": "Polygon", "coordinates": [ [ [ -115.202007029304539, 36.121517332170612 ], [ -115.202012684294033, 36.121542502424766 ], [ -115.202049037901816, 36.12153717318315 ], [ -115.202043382912294, 36.121512002927275 ], [ -115.202007029304539, 36.121517332170612 ] ] ] } },
{ "type": "Feature", "properties": { "id": "08b2986b818cefff02005352f1bd86db", "height": 2.8311763 }, "geometry": { "type": "Polygon", "coordinates": [ [ [ -115.202122199530436, 36.12167385395275 ], [ -115.20210360960192, 36.121576506651209 ], [ -115.202031311037274, 36.121585515232752 ], [ -115.202028076573455, 36.121568585435419 ], [ -115.2019169856719, 36.121582427639915 ], [ -115.201938808631468, 36.12169670488602 ], [ -115.202122199530436, 36.12167385395275 ] ] ] } },
{ "type": "Feature", "properties": { "id": "08b2986b818c1fff020083ad148904b2", "height": 2.9513218 }, "geometry": { "type": "Polygon", "coordinates": [ [ [ -115.201903314294213, 36.121055599387908 ], [ -115.202022334115313, 36.121053964290525 ], [ -115.20202050995988, 36.120967324627493 ], [ -115.201960489248805, 36.120968149194482 ], [ -115.20195985342103, 36.120937825254067 ], [ -115.201839188773675, 36.120939482950583 ], [ -115.201841187089528, 36.121034786721872 ], [ -115.201902860131526, 36.121033939455778 ], [ -115.201903314294213, 36.121055599387908 ] ] ] } },
{ "type": "Feature", "properties": { "id": "08b2986b818c0fff02006b7bac70bca9", "height": 3.3348978 }, "geometry": { "type": "Polygon", "coordinates": [ [ [ -115.201535363081561, 36.120969295219403 ], [ -115.201577559782351, 36.1210816134694 ], [ -115.201715097007721, 36.121047898129902 ], [ -115.201705407685139, 36.12102210730724 ], [ -115.201749616078999, 36.121011270227186 ], [ -115.201717105166196, 36.120924733331307 ], [ -115.201535363081561, 36.120969295219403 ] ] ] } },
{ "type": "Feature", "properties": { "id": "08b2986b818c3fff0200fb280f60bf88", "height": 2.2001474 }, "geometry": { "type": "Polygon", "coordinates": [ [ [ -115.201609101705216, 36.121167074487992 ], [ -115.201689423009995, 36.121164318121927 ], [ -115.201690446701861, 36.121183782514315 ], [ -115.201829670296775, 36.121179004814124 ], [ -115.201825532553542, 36.121100330073709 ], [ -115.201605987002281, 36.121107851757181 ], [ -115.201609101705216, 36.121167074487992 ] ] ] } },
{ "type": "Feature", "properties": { "id": "08b2986b818c3fff0200eee177a59e53", "height": 2.5327494 }, "geometry": { "type": "Polygon", "coordinates": [ [ [ -115.201689301175122, 36.121227360757707 ], [ -115.201691914636854, 36.121305301574729 ], [ -115.201887572353925, 36.121301020777743 ], [ -115.201884958892194, 36.121223079956479 ], [ -115.201689301175122, 36.121227360757707 ] ] ] } },
{ "type": "Feature", "properties": { "id": "08b2986b818cefff0200659b959d39c1", "height": 2.5613496 }, "geometry": { "type": "Polygon", "coordinates": [ [ [ -115.201934642041238, 36.121433781918633 ], [ -115.201933772344475, 36.121401298008784 ], [ -115.201992753356976, 36.121400267653868 ], [ -115.20199165174111, 36.12135912134822 ], [ -115.201932670728624, 36.121360151703662 ], [ -115.201931974971231, 36.121334164552472 ], [ -115.20177916052981, 36.121336834110622 ], [ -115.201780957903054, 36.121403967564639 ], [ -115.201798657879777, 36.121403658359085 ], [ -115.201799524763288, 36.121436142317101 ], [ -115.201934642041238, 36.121433781918633 ] ] ] } },
{ "type": "Feature", "properties": { "id": "08b2986b818cefff02008276a97dd046", "height": 2.3745039 }, "geometry": { "type": "Polygon", "coordinates": [ [ [ -115.202005510464119, 36.12154921465082 ], [ -115.202000075409018, 36.12151291365641 ], [ -115.202051363020672, 36.121507900364328 ], [ -115.202045924865672, 36.121471599653859 ], [ -115.201956045908389, 36.121480385199682 ], [ -115.201953486776617, 36.121463302508488 ], [ -115.201845103328111, 36.121473896844172 ], [ -115.201854060289278, 36.121533686238998 ], [ -115.201900580745601, 36.121529138930867 ], [ -115.201905056673354, 36.121559033862482 ], [ -115.202005510464119, 36.12154921465082 ] ] ] } },
{ "type": "Feature", "properties": { "id": "08b2986b818ddfff02003d0937c45056", "height": 2.608221 }, "geometry": { "type": "Polygon", "coordinates": [ [ [ -115.201632793561302, 36.121554290035327 ], [ -115.201635536775598, 36.121495875787488 ], [ -115.201583574516974, 36.121494283568012 ], [ -115.201580724460982, 36.121554861146301 ], [ -115.201555019668447, 36.12155407350464 ], [ -115.201549775559727, 36.121665741899633 ], [ -115.201663855865334, 36.121669243972484 ], [ -115.201669211726326, 36.121555405954247 ], [ -115.201632793561302, 36.121554290035327 ] ] ] } },
{ "type": "Feature", "properties": { "id": "08b2986b818c3fff0200b32c37f6bf86", "height": 2.5651698 }, "geometry": { "type": "Polygon", "coordinates": [ [ [ -115.201374135666541, 36.121297568974484 ], [ -115.201371545741168, 36.121427531653559 ], [ -115.201405336349552, 36.121427972943444 ], [ -115.201404495785241, 36.121469969891358 ], [ -115.201487622630623, 36.1214710507898 ], [ -115.201489183342176, 36.121393073251411 ], [ -115.201515998453601, 36.12139342192868 ], [ -115.201517879364957, 36.121299446204574 ], [ -115.201374135666541, 36.121297568974484 ] ] ] } },
{ "type": "Feature", "properties": { "id": "08b2986b818ddfff020027749243c9f4", "height": 2.9437652 }, "geometry": { "type": "Polygon", "coordinates": [ [ [ -115.201406079464959, 36.121508535646697 ], [ -115.201408229628768, 36.121679679577255 ], [ -115.20152623467213, 36.121678712228274 ], [ -115.201524547201828, 36.121544396768321 ], [ -115.201492364008146, 36.121544660591212 ], [ -115.201491901314697, 36.121507832118631 ], [ -115.201406079464959, 36.121508535646697 ] ] ] } },
{ "type": "Feature", "properties": { "id": "08b2986b818dcfff0200c9b95f084198", "height": 3.1039557 }, "geometry": { "type": "Polygon", "coordinates": [ [ [ -115.201340998186936, 36.121511544669467 ], [ -115.20119459285182, 36.121513489762116 ], [ -115.201198103734129, 36.121685917185744 ], [ -115.201344494301111, 36.121683980569692 ], [ -115.201340998186936, 36.121511544669467 ] ] ] } },
{ "type": "Feature", "properties": { "id": "08b2986b818c4fff02007881ce1d1177", "height": 3.0715973 }, "geometry": { "type": "Polygon", "coordinates": [ [ [ -115.201154919170861, 36.120298390674208 ], [ -115.20115785638437, 36.120433990852561 ], [ -115.201288261828836, 36.12043215508973 ], [ -115.201286083868382, 36.120331203001442 ], [ -115.201272676911486, 36.120331392494059 ], [ -115.201271929244669, 36.12029673686461 ], [ -115.201154919170861, 36.120298390674208 ] ] ] } },
{ "type": "Feature", "properties": { "id": "08b2986b818f1fff0200c2188c072c2d", "height": 1.8541275 }, "geometry": { "type": "Polygon", "coordinates": [ [ [ -115.201025277574999, 36.120432269959288 ], [ -115.201100372523285, 36.120431688321254 ], [ -115.20109962676203, 36.120368861684561 ], [ -115.201113036574228, 36.120368757820543 ], [ -115.201112007938036, 36.120282100308017 ], [ -115.201023503177552, 36.120282785811277 ], [ -115.201025277574999, 36.120432269959288 ] ] ] } },
{ "type": "Feature", "properties": { "id": "08b2986b818f1fff0200a2482ef92750", "height": 2.6649654 }, "geometry": { "type": "Polygon", "coordinates": [ [ [ -115.200875810335617, 36.120439946371292 ], [ -115.200961629509905, 36.120440751775476 ], [ -115.200962620562805, 36.12037142876386 ], [ -115.200985779546372, 36.120371646108758 ], [ -115.200987088185613, 36.120280659637352 ], [ -115.200878102145438, 36.12027963681242 ], [ -115.200875810335617, 36.120439946371292 ] ] ] } },
{ "type": "Feature", "properties": { "id": "08b2986b818c6fff0200b64828568b57", "height": 2.8227506 }, "geometry": { "type": "Polygon", "coordinates": [ [ [ -115.201324701823452, 36.120484055943756 ], [ -115.201204027502342, 36.12048546135459 ], [ -115.2012047621037, 36.120526618807354 ], [ -115.201185990542641, 36.120526837426716 ], [ -115.201188387662881, 36.120661140543177 ], [ -115.201327833545065, 36.120659516516518 ], [ -115.201324701823452, 36.120484055943756 ] ] ] } },
{ "type": "Feature", "properties": { "id": "08b2986b818c6fff020025af0108e7dd", "height": 3.2276685 }, "geometry": { "type": "Polygon", "coordinates": [ [ [ -115.201141632573595, 36.120495386344764 ], [ -115.201018257308178, 36.120496104778098 ], [ -115.201018709196944, 36.120547237072422 ], [ -115.200994570545987, 36.120547376270757 ], [ -115.200995592982352, 36.120663067264239 ], [ -115.20114310688669, 36.120662208269685 ], [ -115.201141632573595, 36.120495386344764 ] ] ] } },
{ "type": "Feature", "properties": { "id": "08b2986b818f3fff0200b3107986ccdf", "height": 2.5050113 }, "geometry": { "type": "Polygon", "coordinates": [ [ [ -115.200843556692035, 36.120367715726069 ], [ -115.200841710003075, 36.120278908663856 ], [ -115.200696911571114, 36.120280873369296 ], [ -115.200699659083966, 36.120413000909885 ], [ -115.200817642991495, 36.12041140004149 ], [ -115.200816742167603, 36.120368079559988 ], [ -115.200843556692035, 36.120367715726069 ] ] ] } },
{ "type": "Feature", "properties": { "id": "08b2986b818f3fff0200fa5a89680a10", "height": 2.37479 }, "geometry": { "type": "Polygon", "coordinates": [ [ [ -115.200567399621605, 36.120421424819121 ], [ -115.200594194895871, 36.120420740090935 ], [ -115.200595381629455, 36.120451042640283 ], [ -115.200639950009162, 36.120449903737438 ], [ -115.200638343001799, 36.120408778754616 ], [ -115.200666118302934, 36.120408068982648 ], [ -115.200662777802989, 36.120322771189777 ], [ -115.200638662002802, 36.120323386083868 ], [ -115.200636966665357, 36.120280096557934 ], [ -115.200561939731486, 36.120282009562814 ], [ -115.200567399621605, 36.120421424819121 ] ] ] } },
{ "type": "Feature", "properties": { "id": "08b2986b818c6fff0200ddec11b15c99", "height": 3.3543901 }, "geometry": { "type": "Polygon", "coordinates": [ [ [ -115.200951245661543, 36.120503162120848 ], [ -115.200837631373332, 36.120504594503068 ], [ -115.20083825915917, 36.120537086062335 ], [ -115.200817798618132, 36.120537344016711 ], [ -115.200820321019492, 36.120667309976874 ], [ -115.200923898532466, 36.120666004135124 ], [ -115.200923203840333, 36.120630049845985 ], [ -115.20095370082322, 36.120629663634404 ], [ -115.200951245661543, 36.120503162120848 ] ] ] } },
{ "type": "Feature", "properties": { "id": "08b2986b818f3fff02007e6f12e96864", "height": 3.5749848 }, "geometry": { "type": "Polygon", "coordinates": [ [ [ -115.200628846852979, 36.120510277966119 ], [ -115.2006322764705, 36.120671841414186 ], [ -115.200758303238743, 36.120670095796768 ], [ -115.200755728414393, 36.120548800228434 ], [ -115.200724544252253, 36.120549232166042 ], [ -115.200723685856943, 36.120508958971065 ], [ -115.200628846852979, 36.120510277966119 ] ] ] } },
{ "type": "Feature", "properties": { "id": "08b2986b818f3fff0200e7b1436f23bf", "height": 3.380856 }, "geometry": { "type": "Polygon", "coordinates": [ [ [ -115.200415003832646, 36.120447459029855 ], [ -115.200532024029698, 36.120448438167976 ], [ -115.200534233497223, 36.120277292414372 ], [ -115.200417198473133, 36.120276313150057 ], [ -115.200415003832646, 36.120447459029855 ] ] ] } },
{ "type": "Feature", "properties": { "id": "08b2986b818f3fff020005d613187a89", "height": 3.1192427 }, "geometry": { "type": "Polygon", "coordinates": [ [ [ -115.200380351595527, 36.120322960382843 ], [ -115.200356217281254, 36.120323256468126 ], [ -115.200355589428682, 36.120289862883695 ], [ -115.200240280915793, 36.12029127099639 ], [ -115.200243620520453, 36.120468894323906 ], [ -115.200356247440027, 36.120467518961156 ], [ -115.200355368398732, 36.120420765489229 ], [ -115.200382184303464, 36.120420436506002 ], [ -115.200380351595527, 36.120322960382843 ] ] ] } },
{ "type": "Feature", "properties": { "id": "08b2986b818f3fff0200e47a7d896da5", "height": 3.4350414 }, "geometry": { "type": "Polygon", "coordinates": [ [ [ -115.200583376548948, 36.120669353504944 ], [ -115.2005809488046, 36.120528550041755 ], [ -115.200547078109011, 36.120528933020857 ], [ -115.20054631192194, 36.120484718105004 ], [ -115.200464873861762, 36.120485634329079 ], [ -115.200466233896634, 36.120564513227855 ], [ -115.200442098720828, 36.120564786126423 ], [ -115.200443928866576, 36.120670930250029 ], [ -115.200583376548948, 36.120669353504944 ] ] ] } },
{ "type": "Feature", "properties": { "id": "08b2986b818f3fff0200a027b6217672", "height": 3.302512 }, "geometry": { "type": "Polygon", "coordinates": [ [ [ -115.200409114961531, 36.120582435874617 ], [ -115.2003796280041, 36.120583014343644 ], [ -115.200377978162194, 36.120527980488063 ], [ -115.200285146777972, 36.120529796387927 ], [ -115.200289470726574, 36.120673614803422 ], [ -115.200411776457358, 36.12067121543766 ], [ -115.200409114961531, 36.120582435874617 ] ] ] } },
{ "type": "Feature", "properties": { "id": "08b2986b818f2fff0200c5d6d7290c4f", "height": 2.4745119 }, "geometry": { "type": "Polygon", "coordinates": [ [ [ -115.200104162305806, 36.120294783751213 ], [ -115.200101437171412, 36.120409573258307 ], [ -115.20018187386087, 36.120410819282213 ], [ -115.200183056466372, 36.120361004989228 ], [ -115.200205482789571, 36.1203613523898 ], [ -115.200207019690879, 36.120296377090625 ], [ -115.200104162305806, 36.120294783751213 ] ] ] } },
{ "type": "Feature", "properties": { "id": "08b2986b818f2fff020094bc98e51b11", "height": 2.4696066 }, "geometry": { "type": "Polygon", "coordinates": [ [ [ -115.2000639707543, 36.120293029916915 ], [ -115.199991579711721, 36.120294192236216 ], [ -115.199992592273588, 36.120335342086847 ], [ -115.199955056177444, 36.120335944770602 ], [ -115.199957134593902, 36.120420410185268 ], [ -115.199989308390585, 36.120419893599745 ], [ -115.19999058741611, 36.120471872271644 ], [ -115.200041529260886, 36.120471054345124 ], [ -115.200039983771717, 36.120408246778254 ], [ -115.200066795268981, 36.12040781629026 ], [ -115.2000639707543, 36.120293029916915 ] ] ] } },
{ "type": "Feature", "properties": { "id": "08b2986b818d4fff02003f7f1afc8851", "height": 3.164186 }, "geometry": { "type": "Polygon", "coordinates": [ [ [ -115.200239356557233, 36.120506554719846 ], [ -115.200089180253826, 36.120508193345735 ], [ -115.200092005744324, 36.120677159626034 ], [ -115.200242182047759, 36.120675521003683 ], [ -115.200239356557233, 36.120506554719846 ] ] ] } },
{ "type": "Feature", "properties": { "id": "08b2986b818d4fff02008e52e4958b78", "height": 3.097044 }, "geometry": { "type": "Polygon", "coordinates": [ [ [ -115.200051763446197, 36.120520246006805 ], [ -115.199944481329226, 36.120520907118511 ], [ -115.199944890545027, 36.120564237216776 ], [ -115.199915387962861, 36.120564419022394 ], [ -115.199916411002377, 36.120672744163201 ], [ -115.2000531957015, 36.120671901247405 ], [ -115.200051763446197, 36.120520246006805 ] ] ] } },
{ "type": "Feature", "properties": { "id": "08b2986b818c2fff0200465f7e634400", "height": 4.063982 }, "geometry": { "type": "Polygon", "coordinates": [ [ [ -115.201157075848457, 36.121177900626805 ], [ -115.201304531030701, 36.121175374704109 ], [ -115.201296230203113, 36.120859190684989 ], [ -115.200942337765724, 36.12086525292375 ], [ -115.200945498857706, 36.120985661151423 ], [ -115.201151936419109, 36.120982136516716 ], [ -115.201157075848457, 36.121177900626805 ] ] ] } },
{ "type": "Feature", "properties": { "id": "08b2986b818c3fff0200303684daac61", "height": 2.902949 }, "geometry": { "type": "Polygon", "coordinates": [ [ [ -115.201327997102069, 36.12129567691202 ], [ -115.201194950385059, 36.12129639148155 ], [ -115.201196120335496, 36.121438527148712 ], [ -115.201235281546587, 36.121438319035384 ], [ -115.201235535520041, 36.121469502131234 ], [ -115.201329408729279, 36.121468997956526 ], [ -115.201327997102069, 36.12129567691202 ] ] ] } },
{ "type": "Feature", "properties": { "id": "08b2986b818dcfff02008e863bf9f193", "height": 2.3758938 }, "geometry": { "type": "Polygon", "coordinates": [ [ [ -115.201162536485214, 36.121292479239017 ], [ -115.201054244023595, 36.121294426132039 ], [ -115.201058740789236, 36.121458145536749 ], [ -115.201153643171779, 36.121456444740822 ], [ -115.201152151497809, 36.121402306310706 ], [ -115.201165555923879, 36.121402066082716 ], [ -115.201162536485214, 36.121292479239017 ] ] ] } },
{ "type": "Feature", "properties": { "id": "08b2986b818dcfff02001795864ad584", "height": 2.424224 }, "geometry": { "type": "Polygon", "coordinates": [ [ [ -115.200884613144552, 36.121303717573198 ], [ -115.200888485666866, 36.121470487691788 ], [ -115.200982329965598, 36.121469065826503 ], [ -115.200980620020687, 36.121395427115182 ], [ -115.201015476474538, 36.12139489899328 ], [ -115.201013313897136, 36.121301767582366 ], [ -115.200884613144552, 36.121303717573198 ] ] ] } },
{ "type": "Feature", "properties": { "id": "08b2986b818dcfff020030ed14a29eda", "height": 2.0240686 }, "geometry": { "type": "Polygon", "coordinates": [ [ [ -115.201073152252661, 36.121687611006308 ], [ -115.201169610707623, 36.121685086154692 ], [ -115.201162298883247, 36.12150242687602 ], [ -115.201065840210219, 36.121504946285931 ], [ -115.201073152252661, 36.121687611006308 ] ] ] } },
{ "type": "Feature", "properties": { "id": "08b2986b818dcfff020057b5738aa85d", "height": 2.7992215 }, "geometry": { "type": "Polygon", "coordinates": [ [ [ -115.200906238550886, 36.12155113551016 ], [ -115.200907221203067, 36.121598787487997 ], [ -115.200881490427321, 36.121599135156877 ], [ -115.200883284572441, 36.121685774940701 ], [ -115.201032355089524, 36.121683760733085 ], [ -115.201030032457084, 36.121571128860758 ], [ -115.200990891991879, 36.121571657718768 ], [ -115.200990443455595, 36.121549997750307 ], [ -115.200906238550886, 36.12155113551016 ] ] ] } },
{ "type": "Feature", "properties": { "id": "08b2986b818d1fff020062309f5cb3fa", "height": 2.374531 }, "geometry": { "type": "Polygon", "coordinates": [ [ [ -115.200857569124835, 36.121476697822445 ], [ -115.200852134548938, 36.121296976610964 ], [ -115.200705758600805, 36.121299864708519 ], [ -115.20071120873925, 36.121479585606338 ], [ -115.200857569124835, 36.121476697822445 ] ] ] } },
{ "type": "Feature", "properties": { "id": "08b2986b818d1fff02009071244367dd", "height": 2.1806154 }, "geometry": { "type": "Polygon", "coordinates": [ [ [ -115.200568274089648, 36.121471729556092 ], [ -115.200650303964494, 36.121470166704619 ], [ -115.200648727952057, 36.121416031577439 ], [ -115.200676602815179, 36.121415500498955 ], [ -115.200673251730421, 36.121300734094447 ], [ -115.20053117369207, 36.121303441002759 ], [ -115.200534056160564, 36.121402158459979 ], [ -115.20056622482609, 36.121401547393504 ], [ -115.200568274089648, 36.121471729556092 ] ] ] } },
{ "type": "Feature", "properties": { "id": "08b2986b818dcfff0200ea7adbad0e47", "height": 2.7925055 }, "geometry": { "type": "Polygon", "coordinates": [ [ [ -115.200853448240821, 36.121571698478853 ], [ -115.200814306753074, 36.121572200796443 ], [ -115.200813497301198, 36.121531045724517 ], [ -115.200730369804063, 36.121532112531831 ], [ -115.200731477475031, 36.121588429992471 ], [ -115.200707343685551, 36.121588739710504 ], [ -115.200709260808381, 36.121686212142691 ], [ -115.200816522094996, 36.121684835619824 ], [ -115.200816138670447, 36.12166534114273 ], [ -115.200855272090095, 36.121664838929277 ], [ -115.200853448240821, 36.121571698478853 ] ] ] } },
{ "type": "Feature", "properties": { "id": "08b2986b818defff0200bddd75467aff", "height": 1.974988 }, "geometry": { "type": "Polygon", "coordinates": [ [ [ -115.200677206291587, 36.121555567633081 ], [ -115.200636987731798, 36.121554949174389 ], [ -115.2006377533707, 36.121522461895296 ], [ -115.200599138988366, 36.121521868104487 ], [ -115.200596884860445, 36.121617163958838 ], [ -115.200575434990441, 36.121616834114889 ], [ -115.200573693164316, 36.121690471741601 ], [ -115.200641815760477, 36.121691519291296 ], [ -115.200642938697499, 36.121643871360241 ], [ -115.20067511354533, 36.121644366126652 ], [ -115.200677206291587, 36.121555567633081 ] ] ] } },
{ "type": "Feature", "properties": { "id": "08b2986b818d1fff0200930f8df4be10", "height": 2.474336 }, "geometry": { "type": "Polygon", "coordinates": [ [ [ -115.200488660587737, 36.121458211577647 ], [ -115.200486650287829, 36.121306566418667 ], [ -115.200336463804476, 36.121307865507788 ], [ -115.200338399913832, 36.121453914171617 ], [ -115.200375946506526, 36.121453587277507 ], [ -115.200376020725216, 36.121459185892604 ], [ -115.200488660587737, 36.121458211577647 ] ] ] } },
{ "type": "Feature", "properties": { "id": "08b2986b818defff020013b92a882264", "height": 2.797382 }, "geometry": { "type": "Polygon", "coordinates": [ [ [ -115.20038186738104, 36.121695390524927 ], [ -115.200523912573701, 36.1216921703057 ], [ -115.200519249038152, 36.121557946759992 ], [ -115.200486008071465, 36.121558700346817 ], [ -115.200484807577311, 36.121524061907557 ], [ -115.200402801332189, 36.121525921024713 ], [ -115.200404832226724, 36.121584373265989 ], [ -115.20037803124697, 36.121584980855381 ], [ -115.20038186738104, 36.121695390524927 ] ] ] } },
{ "type": "Feature", "properties": { "id": "08b2986b818d3fff0200b8617e493452", "height": 2.7958148 }, "geometry": { "type": "Polygon", "coordinates": [ [ [ -115.200310497407202, 36.121519947642625 ], [ -115.200224748037996, 36.121522080683079 ], [ -115.200229699271858, 36.121651953650463 ], [ -115.200208261929561, 36.121652486909682 ], [ -115.200209829820295, 36.121693613304288 ], [ -115.200347583876962, 36.121690186639597 ], [ -115.20034270410892, 36.12156247856062 ], [ -115.200312147818522, 36.12156323865679 ], [ -115.200310497407202, 36.121519947642625 ] ] ] } },
{ "type": "Feature", "properties": { "id": "08b2986b818d1fff020068d67cc82a98", "height": 2.430116 }, "geometry": { "type": "Polygon", "coordinates": [ [ [ -115.200158285042022, 36.121464975052362 ], [ -115.200301486441717, 36.12146335588011 ], [ -115.200298807951484, 36.121309557018137 ], [ -115.200155619874963, 36.121311176042916 ], [ -115.200158285042022, 36.121464975052362 ] ] ] } },
{ "type": "Feature", "properties": { "id": "08b2986b818d3fff02004b8ebd012e62", "height": 2.0257335 }, "geometry": { "type": "Polygon", "coordinates": [ [ [ -115.200115427767443, 36.121310356695425 ], [ -115.199981333404338, 36.121311539333256 ], [ -115.199983615085443, 36.12147927072634 ], [ -115.200117709345449, 36.121478080510961 ], [ -115.200115427767443, 36.121310356695425 ] ] ] } },
{ "type": "Feature", "properties": { "id": "08b2986b818d3fff020084312e6fadf2", "height": 1.8533502 }, "geometry": { "type": "Polygon", "coordinates": [ [ [ -115.199988608138412, 36.121512626702149 ], [ -115.199945718091371, 36.121511785304058 ], [ -115.199942658295683, 36.121613555612299 ], [ -115.199922297992188, 36.121613156193327 ], [ -115.199919998229177, 36.121689868426508 ], [ -115.19998324204434, 36.121691105537614 ], [ -115.199988608138412, 36.121512626702149 ] ] ] } },
{ "type": "Feature", "properties": { "id": "08b2986b818c8fff02000cd4d4677fd6", "height": 2.4302752 }, "geometry": { "type": "Polygon", "coordinates": [ [ [ -115.202365382774389, 36.121969683348517 ], [ -115.202366355437007, 36.122004330935354 ], [ -115.202490791921761, 36.122002044579077 ], [ -115.2024914017112, 36.122023699279239 ], [ -115.202590592123926, 36.12202187678669 ], [ -115.20258849701419, 36.121947475711693 ], [ -115.202434575922425, 36.12195029510886 ], [ -115.202435084256422, 36.121968402675158 ], [ -115.202365382774389, 36.121969683348517 ] ] ] } },
{ "type": "Feature", "properties": { "id": "08b2986b818c8fff0200a4481c5c68b9", "height": 2.3224337 }, "geometry": { "type": "Polygon", "coordinates": [ [ [ -115.20239218351594, 36.121890218514636 ], [ -115.2023923682126, 36.121903216363982 ], [ -115.20253829864815, 36.121901863347468 ], [ -115.2025375664834, 36.121850650224509 ], [ -115.202472096207799, 36.121851260943998 ], [ -115.202471665249249, 36.121820932629802 ], [ -115.202361709254461, 36.121821958321114 ], [ -115.202362109430283, 36.12185012032716 ], [ -115.202308472359647, 36.121850620664198 ], [ -115.202309045989693, 36.121890989337146 ], [ -115.20239218351594, 36.121890218514636 ] ] ] } },
{ "type": "Feature", "properties": { "id": "08b2986b818cefff020019726f17c46e", "height": 2.8544 }, "geometry": { "type": "Polygon", "coordinates": [ [ [ -115.201984430415436, 36.121712856759267 ], [ -115.20199804219564, 36.121772863829328 ], [ -115.20203437335816, 36.121767486544535 ], [ -115.202041505840725, 36.12179892983518 ], [ -115.202174919097956, 36.121779183676267 ], [ -115.202168735328669, 36.121751933156347 ], [ -115.202202470989576, 36.121746940023932 ], [ -115.202193608328301, 36.121707884193683 ], [ -115.202094997620364, 36.12172248490392 ], [ -115.202089289596472, 36.121697330872202 ], [ -115.201984430415436, 36.121712856759267 ] ] ] } },
{ "type": "Feature", "properties": { "id": "08b2986b818cafff0200dbfc8a594a82", "height": 2.7615244 }, "geometry": { "type": "Polygon", "coordinates": [ [ [ -115.202068454272052, 36.121904618519899 ], [ -115.202103802415138, 36.12189959856736 ], [ -115.202108205511806, 36.121919836573376 ], [ -115.202240899878348, 36.121900999539214 ], [ -115.202219866191086, 36.121804322079782 ], [ -115.202051816834938, 36.121828178068114 ], [ -115.202068454272052, 36.121904618519899 ] ] ] } },
{ "type": "Feature", "properties": { "id": "08b2986b818cafff020067e469435207", "height": 2.4825606 }, "geometry": { "type": "Polygon", "coordinates": [ [ [ -115.202254439091874, 36.122004418520298 ], [ -115.202304185698779, 36.122002652336406 ], [ -115.202301993081818, 36.121962356614546 ], [ -115.202225472934259, 36.121965077683058 ], [ -115.202224647981652, 36.121949940874828 ], [ -115.202093473957888, 36.121954605444479 ], [ -115.202096538067622, 36.122010827856968 ], [ -115.202152755506361, 36.122008828757167 ], [ -115.202154169710838, 36.12203477755002 ], [ -115.202255896504781, 36.122031160132373 ], [ -115.202254439091874, 36.122004418520298 ] ] ] } },
{ "type": "Feature", "properties": { "id": "08b2986b818cbfff0200f62dd3410d26", "height": 2.7375634 }, "geometry": { "type": "Polygon", "coordinates": [ [ [ -115.202453431483789, 36.122047811834562 ], [ -115.202453873568643, 36.122078923061196 ], [ -115.202402918351552, 36.122079398380002 ], [ -115.20240386145079, 36.122145767894565 ], [ -115.202460180420189, 36.122145245726173 ], [ -115.202460488247965, 36.122166908736858 ], [ -115.202563531871661, 36.122165953355243 ], [ -115.202563222167143, 36.122144290361696 ], [ -115.202598086263038, 36.122143967114859 ], [ -115.20259669259265, 36.122046483569576 ], [ -115.202453431483789, 36.122047811834562 ] ] ] } },
{ "type": "Feature", "properties": { "id": "08b2986b818cbfff020040eb90aac765", "height": 3.062048 }, "geometry": { "type": "Polygon", "coordinates": [ [ [ -115.202419535680505, 36.122282990806397 ], [ -115.202277382519583, 36.122282388067724 ], [ -115.202276828286614, 36.122367675493905 ], [ -115.202312846772898, 36.122367826178191 ], [ -115.202312657367386, 36.122397366449526 ], [ -115.202418789495823, 36.122397816456008 ], [ -115.202419535680505, 36.122282990806397 ] ] ] } },
{ "type": "Feature", "properties": { "id": "08b2986b818cafff020025477f4b9762", "height": 3.0512 }, "geometry": { "type": "Polygon", "coordinates": [ [ [ -115.202319054170999, 36.122048120806703 ], [ -115.202139435701298, 36.122051360129525 ], [ -115.202142787542684, 36.122172628591564 ], [ -115.202322406012357, 36.122169389273736 ], [ -115.202319054170999, 36.122048120806703 ] ] ] } },
{ "type": "Feature", "properties": { "id": "08b2986b818ddfff02003d3e1f5b023d", "height": 2.8989265 }, "geometry": { "type": "Polygon", "coordinates": [ [ [ -115.201684836992058, 36.121790362617141 ], [ -115.201689115226728, 36.121954951223223 ], [ -115.201809761444451, 36.12195290502337 ], [ -115.201807734912222, 36.121874942040407 ], [ -115.201834545182834, 36.121874487328867 ], [ -115.201832293480365, 36.121787861700952 ], [ -115.201684836992058, 36.121790362617141 ] ] ] } },
{ "type": "Feature", "properties": { "id": "08b2986b818ddfff02006f9379b30a47", "height": 2.6252253 }, "geometry": { "type": "Polygon", "coordinates": [ [ [ -115.201628320789681, 36.121957227394304 ], [ -115.201626976845148, 36.121890080565983 ], [ -115.201653791926219, 36.121889730375358 ], [ -115.201651857615531, 36.121793087277176 ], [ -115.201509737846564, 36.121794951322414 ], [ -115.201511671996485, 36.121891586385715 ], [ -115.201543850093785, 36.121891166156956 ], [ -115.201545194038317, 36.121958312984376 ], [ -115.201628320789681, 36.121957227394304 ] ] ] } },
{ "type": "Feature", "properties": { "id": "08b2986b818ddfff0200f6a5eb5f844c", "height": 2.4196587 }, "geometry": { "type": "Polygon", "coordinates": [ [ [ -115.201469462460636, 36.121911262957909 ], [ -115.201471819820682, 36.121796465018299 ], [ -115.201377968327463, 36.121795207531321 ], [ -115.201376189187812, 36.121881847502685 ], [ -115.201408366842614, 36.121882278640598 ], [ -115.201407788622234, 36.121910436610534 ], [ -115.201469462460636, 36.121911262957909 ] ] ] } },
{ "type": "Feature", "properties": { "id": "08b2986b818ddfff020088a5d14848c5", "height": 2.8942893 }, "geometry": { "type": "Polygon", "coordinates": [ [ [ -115.201194589112674, 36.121963287920465 ], [ -115.201315256153208, 36.121961691609279 ], [ -115.201314492406709, 36.121924022148328 ], [ -115.201341307335326, 36.121923668927884 ], [ -115.201338645620552, 36.121792387842746 ], [ -115.201191163682111, 36.12179433889397 ], [ -115.201194589112674, 36.121963287920465 ] ] ] } },
{ "type": "Feature", "properties": { "id": "08b2986b818cafff020025ad6dd2ef85", "height": 3.0362537 }, "geometry": { "type": "Polygon", "coordinates": [ [ [ -115.201903570118034, 36.121998772704892 ], [ -115.201786690242812, 36.121999962097078 ], [ -115.201787420715661, 36.122046798889691 ], [ -115.201762161866128, 36.12204705450047 ], [ -115.201764076919602, 36.122170530624182 ], [ -115.201906211689234, 36.122169092271946 ], [ -115.201903570118034, 36.121998772704892 ] ] ] } },
{ "type": "Feature", "properties": { "id": "08b2986b818d9fff02006e8f428c1b47", "height": 3.1017327 }, "geometry": { "type": "Polygon", "coordinates": [ [ [ -115.201732580776223, 36.122175578594522 ], [ -115.201730226020246, 36.122031785095928 ], [ -115.201695363403189, 36.122032157602931 ], [ -115.201695008665766, 36.122010495491359 ], [ -115.201611874732833, 36.122011383777533 ], [ -115.201612867997582, 36.122072037674144 ], [ -115.201594095819175, 36.122072238254738 ], [ -115.201595812174446, 36.122177047696226 ], [ -115.201732580776223, 36.122175578594522 ] ] ] } },
{ "type": "Feature", "properties": { "id": "08b2986b818d9fff020047e50f9f635a", "height": 2.5923836 }, "geometry": { "type": "Polygon", "coordinates": [ [ [ -115.201452471899259, 36.122071409697043 ], [ -115.201455266326803, 36.122181859518172 ], [ -115.201557147717594, 36.122180177659317 ], [ -115.201552709509144, 36.122004757278837 ], [ -115.201472276832192, 36.122006085065117 ], [ -115.201473920613097, 36.122071055621007 ], [ -115.201452471899259, 36.122071409697043 ] ] ] } },
{ "type": "Feature", "properties": { "id": "08b2986b818d9fff02003a53e6477529", "height": 2.7913923 }, "geometry": { "type": "Polygon", "coordinates": [ [ [ -115.20141264660343, 36.122178925100606 ], [ -115.201410555742797, 36.122007781299409 ], [ -115.201276458351245, 36.122008850236682 ], [ -115.201278549211878, 36.122179994035548 ], [ -115.20141264660343, 36.122178925100606 ] ] ] } },
{ "type": "Feature", "properties": { "id": "08b2986b818cbfff0200dc6344fd8f29", "height": 3.5370069 }, "geometry": { "type": "Polygon", "coordinates": [ [ [ -115.202530031165196, 36.122277977768164 ], [ -115.202449620728771, 36.122279691587586 ], [ -115.202456109992056, 36.122478878668389 ], [ -115.202536520428495, 36.122477164853322 ], [ -115.202535154910223, 36.122435250491499 ], [ -115.202564638791202, 36.122434623758004 ], [ -115.202562663794396, 36.122374001510707 ], [ -115.202533179913416, 36.122374628244714 ], [ -115.202530031165196, 36.122277977768164 ] ] ] } },
{ "type": "Feature", "properties": { "id": "08b2986b81164fff0200d80f718b987e", "height": 2.5675983 }, "geometry": { "type": "Polygon", "coordinates": [ [ [ -115.201914121608155, 36.122395150964472 ], [ -115.201916663206092, 36.122297698203027 ], [ -115.201840450730074, 36.122296397002593 ], [ -115.201836519277379, 36.122446641913655 ], [ -115.201888615705442, 36.122447528426036 ], [ -115.201889992471195, 36.122394739000363 ], [ -115.201914121608155, 36.122395150964472 ] ] ] } },
{ "type": "Feature", "properties": { "id": "08b2986b818d9fff0200bd2e50407bc3", "height": 3.922507 }, "geometry": { "type": "Polygon", "coordinates": [ [ [ -115.201659959328353, 36.122288535015443 ], [ -115.201664125015412, 36.122459628695069 ], [ -115.201774053066487, 36.122457882369794 ], [ -115.201769887379442, 36.122286788686345 ], [ -115.201659959328353, 36.122288535015443 ] ] ] } },
{ "type": "Feature", "properties": { "id": "08b2986b818d9fff0200da18b1069ba4", "height": 2.8655324 }, "geometry": { "type": "Polygon", "coordinates": [ [ [ -115.201591852715424, 36.122295265523995 ], [ -115.201445930331445, 36.122297682658008 ], [ -115.201448920574947, 36.122415468387146 ], [ -115.20148492892244, 36.122414869891429 ], [ -115.201485845439905, 36.122450848696225 ], [ -115.201595769625825, 36.122449027858593 ], [ -115.201591852715424, 36.122295265523995 ] ] ] } },
{ "type": "Feature", "properties": { "id": "08b2986b818d9fff02000a478ef2ff6f", "height": 1.778626 }, "geometry": { "type": "Polygon", "coordinates": [ [ [ -115.2013053263085, 36.12242990349506 ], [ -115.201340184182456, 36.12242940688914 ], [ -115.201340988144551, 36.12246622726861 ], [ -115.201390411745919, 36.122465523151043 ], [ -115.201386898263337, 36.122305246275467 ], [ -115.201302630670952, 36.122306446803393 ], [ -115.2013053263085, 36.12242990349506 ] ] ] } },
{ "type": "Feature", "properties": { "id": "08b2986b818d8fff02002da65d1b9ad4", "height": 1.1470358 }, "geometry": { "type": "Polygon", "coordinates": [ [ [ -115.201058085821899, 36.12179735279809 ], [ -115.201056764347626, 36.121916505870722 ], [ -115.201093200660225, 36.121916771598805 ], [ -115.201092643726739, 36.121966599162093 ], [ -115.201154329505783, 36.121967049032875 ], [ -115.20115621823669, 36.121798068473574 ], [ -115.201058085821899, 36.12179735279809 ] ] ] } },
{ "type": "Feature", "properties": { "id": "08b2986b818d8fff0200e514af73eeab", "height": 2.1160345 }, "geometry": { "type": "Polygon", "coordinates": [ [ [ -115.200893664335041, 36.121924523756824 ], [ -115.200919365112128, 36.121924135811284 ], [ -115.200920166791647, 36.121958789188518 ], [ -115.201001719783946, 36.121957558171033 ], [ -115.200999607496286, 36.121866593140673 ], [ -115.201023738919062, 36.121866228883789 ], [ -115.201022079264447, 36.121794756285674 ], [ -115.200890697073802, 36.121796739463804 ], [ -115.200893664335041, 36.121924523756824 ] ] ] } },
{ "type": "Feature", "properties": { "id": "08b2986b818d8fff02005979aa4784d8", "height": 2.1557574 }, "geometry": { "type": "Polygon", "coordinates": [ [ [ -115.200853733894007, 36.121922944519596 ], [ -115.200848880845996, 36.121799572914036 ], [ -115.200705766115618, 36.12180323810383 ], [ -115.200710812961674, 36.121931819549275 ], [ -115.200745646586739, 36.121930925487078 ], [ -115.200747260706208, 36.121972049308319 ], [ -115.200830325504441, 36.1219699173149 ], [ -115.200828507169447, 36.121923590578817 ], [ -115.200853733894007, 36.121922944519596 ] ] ] } },
{ "type": "Feature", "properties": { "id": "08b2986b818defff02001df6cd8837c8", "height": 2.2919438 }, "geometry": { "type": "Polygon", "coordinates": [ [ [ -115.200570725298803, 36.121930007256125 ], [ -115.200598635333492, 36.121929335079827 ], [ -115.20060063750951, 36.121983451659673 ], [ -115.200653117593703, 36.121982187747058 ], [ -115.200650353744521, 36.121907308621225 ], [ -115.200675581940288, 36.121906699607031 ], [ -115.200671657683458, 36.121800631193381 ], [ -115.200566044033749, 36.121803180733515 ], [ -115.200570725298803, 36.121930007256125 ] ] ] } },
{ "type": "Feature", "properties": { "id": "08b2986b818d8fff02000beee3cc199a", "height": 1.4293785 }, "geometry": { "type": "Polygon", "coordinates": [ [ [ -115.200716387247468, 36.122028220238064 ], [ -115.200759616177066, 36.122022288841642 ], [ -115.200754745042246, 36.121999124709781 ], [ -115.20071151416191, 36.122005056375599 ], [ -115.200716387247468, 36.122028220238064 ] ] ] } },
{ "type": "Feature", "properties": { "id": "08b2986b818d8fff020021a914076bfe", "height": 1.3609569 }, "geometry": { "type": "Polygon", "coordinates": [ [ [ -115.201154087126682, 36.12200065440932 ], [ -115.201152615642755, 36.122087301686875 ], [ -115.201128480303382, 36.122087034249667 ], [ -115.20112689845817, 36.122180179966705 ], [ -115.201201986180692, 36.122181011992588 ], [ -115.20120268513557, 36.122139854596789 ], [ -115.201233314695926, 36.122140193994483 ], [ -115.201234705474803, 36.122057879059518 ], [ -115.201198719636537, 36.122057480309977 ], [ -115.201199676101083, 36.122001159569045 ], [ -115.201154087126682, 36.12200065440932 ] ] ] } },
{ "type": "Feature", "properties": { "id": "08b2986b818d8fff0200ea9ec21f8878", "height": 2.6880863 }, "geometry": { "type": "Polygon", "coordinates": [ [ [ -115.20109593327193, 36.122185720818081 ], [ -115.201092760311695, 36.122014598752337 ], [ -115.200947953509228, 36.122016350677242 ], [ -115.200951126469448, 36.122187472739171 ], [ -115.20109593327193, 36.122185720818081 ] ] ] } },
{ "type": "Feature", "properties": { "id": "08b2986b818d8fff0200128be83b7936", "height": 2.6006129 }, "geometry": { "type": "Polygon", "coordinates": [ [ [ -115.200916154948743, 36.122186320972794 ], [ -115.200917435134059, 36.122067167646655 ], [ -115.200887933056947, 36.1220669608294 ], [ -115.200888095989626, 36.122051795847611 ], [ -115.200804953772305, 36.122051212998905 ], [ -115.200804464974254, 36.122096707935839 ], [ -115.200777644904178, 36.122096519920234 ], [ -115.200776690584192, 36.12218534329277 ], [ -115.200916154948743, 36.122186320972794 ] ] ] } },
{ "type": "Feature", "properties": { "id": "08b2986b818dafff02000fccf46b7a93", "height": 2.3057935 }, "geometry": { "type": "Polygon", "coordinates": [ [ [ -115.200642601886358, 36.122072061861957 ], [ -115.200644511826937, 36.122186870252349 ], [ -115.200751780817342, 36.122185705892512 ], [ -115.200749186181071, 36.122029739734046 ], [ -115.200708960309683, 36.122030176369854 ], [ -115.200708563906915, 36.12200634817961 ], [ -115.200661412131367, 36.122006859993505 ], [ -115.200662498859515, 36.122071845888357 ], [ -115.200642601886358, 36.122072061861957 ] ] ] } },
{ "type": "Feature", "properties": { "id": "08b2986b818defff020085b2073f79f8", "height": 2.701569 }, "geometry": { "type": "Polygon", "coordinates": [ [ [ -115.200426445397341, 36.121981224329822 ], [ -115.200532578747485, 36.121982838380191 ], [ -115.200536805007062, 36.121802183909963 ], [ -115.200430656149464, 36.121800563618955 ], [ -115.200426445397341, 36.121981224329822 ] ] ] } },
{ "type": "Feature", "properties": { "id": "08b2986b818defff02005d2fb7885db0", "height": 2.9344103 }, "geometry": { "type": "Polygon", "coordinates": [ [ [ -115.200244742079306, 36.121989598487907 ], [ -115.200409860780837, 36.121987050063197 ], [ -115.200405578705883, 36.121806021166918 ], [ -115.200240444546409, 36.121808579171869 ], [ -115.200244742079306, 36.121989598487907 ] ] ] } },
{ "type": "Feature", "properties": { "id": "08b2986b8112dfff0200cf9a3f517150", "height": 2.7805486 }, "geometry": { "type": "Polygon", "coordinates": [ [ [ -115.200222379244224, 36.121976669192435 ], [ -115.200219915728468, 36.121814199040323 ], [ -115.200085825393217, 36.121815525668985 ], [ -115.200087829052691, 36.121947668082669 ], [ -115.20011576127223, 36.121947391734473 ], [ -115.200116223755856, 36.121977719444288 ], [ -115.200222379244224, 36.121976669192435 ] ] ] } },
{ "type": "Feature", "properties": { "id": "08b2986b8112dfff02007f78c0f8d102", "height": 2.509804 }, "geometry": { "type": "Polygon", "coordinates": [ [ [ -115.199915939731383, 36.121814302097356 ], [ -115.199918277208894, 36.121929100541593 ], [ -115.19995045501247, 36.121928673040244 ], [ -115.199951337079455, 36.1219719931645 ], [ -115.200037144555608, 36.121970853161514 ], [ -115.200035600938421, 36.121895042927314 ], [ -115.200049008356558, 36.121894864801675 ], [ -115.200047332429278, 36.121812556464313 ], [ -115.199915939731383, 36.121814302097356 ] ] ] } },
{ "type": "Feature", "properties": { "id": "08b2986b818dafff0200e8e1b1013ecd", "height": 2.5573418 }, "geometry": { "type": "Polygon", "coordinates": [ [ [ -115.200600000103663, 36.122008798012061 ], [ -115.200506167817721, 36.122010458399409 ], [ -115.20051086618686, 36.122183702308725 ], [ -115.200604698472802, 36.122182041925051 ], [ -115.200600000103663, 36.122008798012061 ] ] ] } },
{ "type": "Feature", "properties": { "id": "08b2986b818dafff0200e61e283d5efb", "height": 2.7796183 }, "geometry": { "type": "Polygon", "coordinates": [ [ [ -115.200317184888959, 36.122194147217684 ], [ -115.200457736754657, 36.122191826986644 ], [ -115.20045401085126, 36.122044560542648 ], [ -115.200313471740188, 36.122046880567474 ], [ -115.200317184888959, 36.122194147217684 ] ] ] } },
{ "type": "Feature", "properties": { "id": "08b2986b8112dfff020044d0d19b32cd", "height": 2.3961937 }, "geometry": { "type": "Polygon", "coordinates": [ [ [ -115.200267598774644, 36.12219501298447 ], [ -115.200264608691342, 36.122081495004267 ], [ -115.200176135713235, 36.122083010538141 ], [ -115.20017912592823, 36.122196533515655 ], [ -115.200267598774644, 36.12219501298447 ] ] ] } },
{ "type": "Feature", "properties": { "id": "08b2986b8112dfff0200d55390f7993b", "height": 3.069397 }, "geometry": { "type": "Polygon", "coordinates": [ [ [ -115.200134409875659, 36.122080991495146 ], [ -115.200102230927399, 36.122080593086878 ], [ -115.200103011865977, 36.122039437562343 ], [ -115.199995748705106, 36.122038109534053 ], [ -115.199992789358944, 36.122194067199899 ], [ -115.200132231468075, 36.12219579363321 ], [ -115.200134409875659, 36.122080991495146 ] ] ] } },
{ "type": "Feature", "properties": { "id": "08b2986b8112dfff0200be252e33a9aa", "height": 2.6181047 }, "geometry": { "type": "Polygon", "coordinates": [ [ [ -115.199852358480499, 36.122056228527903 ], [ -115.199854272642128, 36.122158034672793 ], [ -115.199875725365914, 36.122157771492041 ], [ -115.199876417722251, 36.122194594958877 ], [ -115.199956865436448, 36.122193608031495 ], [ -115.199953485108466, 36.122013822703934 ], [ -115.199878400575216, 36.122014743838278 ], [ -115.199879174385231, 36.122055899551519 ], [ -115.199852358480499, 36.122056228527903 ] ] ] } },
{ "type": "Feature", "properties": { "id": "08b2986b818dbfff02003387387a8c69", "height": 3.295562 }, "geometry": { "type": "Polygon", "coordinates": [ [ [ -115.201269806410977, 36.122299724337971 ], [ -115.201130339959491, 36.122300599531094 ], [ -115.201131381768135, 36.122408922042972 ], [ -115.201166248381014, 36.122408703244993 ], [ -115.201166665104466, 36.12245203220801 ], [ -115.20127126494306, 36.122451375814435 ], [ -115.201269806410977, 36.122299724337971 ] ] ] } },
{ "type": "Feature", "properties": { "id": "08b2986b818dbfff02001f515ae3403a", "height": 3.2398114 }, "geometry": { "type": "Polygon", "coordinates": [ [ [ -115.20099038338121, 36.122482514603774 ], [ -115.201070830578885, 36.122481514042327 ], [ -115.201069550600621, 36.122414366031073 ], [ -115.201096366333189, 36.122414032510306 ], [ -115.201094260562471, 36.122303563076017 ], [ -115.200986997632214, 36.122304897160973 ], [ -115.20099038338121, 36.122482514603774 ] ] ] } },
{ "type": "Feature", "properties": { "id": "08b2986b818dbfff0200795cc45a208e", "height": 4.993811 }, "geometry": { "type": "Polygon", "coordinates": [ [ [ -115.200811739211716, 36.122484281058249 ], [ -115.200952668895738, 36.122481803219578 ], [ -115.200948748388313, 36.122335843157465 ], [ -115.200923086394369, 36.122336292899064 ], [ -115.200922001077302, 36.122296016540481 ], [ -115.200827024089108, 36.122297686438593 ], [ -115.200828187432194, 36.122340997623908 ], [ -115.200807887801403, 36.122341354534527 ], [ -115.200811739211716, 36.122484281058249 ] ] ] } },
{ "type": "Feature", "properties": { "id": "08b2986b818dafff0200c112b4c5b4d4", "height": 4.443328 }, "geometry": { "type": "Polygon", "coordinates": [ [ [ -115.200638894153528, 36.122435054490246 ], [ -115.200673760631631, 36.122434827808611 ], [ -115.20067410301931, 36.122469490835428 ], [ -115.200757246159441, 36.122468950287157 ], [ -115.200756689779482, 36.122412622860381 ], [ -115.200783510147261, 36.12241244848984 ], [ -115.200782461585007, 36.122306292844698 ], [ -115.200637631598966, 36.122307234446879 ], [ -115.200638894153528, 36.122435054490246 ] ] ] } },
{ "type": "Feature", "properties": { "id": "08b2986b818dafff020087fee27ccc01", "height": 3.4731052 }, "geometry": { "type": "Polygon", "coordinates": [ [ [ -115.200492705230957, 36.122434458549876 ], [ -115.200530245343472, 36.122434974267854 ], [ -115.200529155352996, 36.12248695716724 ], [ -115.200576260419766, 36.12248760428605 ], [ -115.200578403802396, 36.122385804531127 ], [ -115.200592962959661, 36.122386004541809 ], [ -115.20059457932696, 36.122308918014063 ], [ -115.200495366054895, 36.122307560650256 ], [ -115.200492705230957, 36.122434458549876 ] ] ] } },
{ "type": "Feature", "properties": { "id": "08b2986b818dafff0200775e3bb70869", "height": 4.495572 }, "geometry": { "type": "Polygon", "coordinates": [ [ [ -115.200320125324396, 36.122398047225978 ], [ -115.200350775855142, 36.122397669475419 ], [ -115.200352108999866, 36.12246824824993 ], [ -115.200435238216173, 36.122467228429592 ], [ -115.200434314127079, 36.122418305708514 ], [ -115.200453085220431, 36.122418074365392 ], [ -115.200451039498574, 36.122309770540895 ], [ -115.200318496252393, 36.122311404063737 ], [ -115.200320125324396, 36.122398047225978 ] ] ] } },
{ "type": "Feature", "properties": { "id": "08b2986b81129fff0200d1efc8755ed7", "height": 4.3165264 }, "geometry": { "type": "Polygon", "coordinates": [ [ [ -115.200268777753919, 36.122300684257688 ], [ -115.200177586937443, 36.122300179028592 ], [ -115.200176033918865, 36.122483074993504 ], [ -115.200267224779111, 36.122483575066283 ], [ -115.200268777753919, 36.122300684257688 ] ] ] } },
{ "type": "Feature", "properties": { "id": "08b2986b81129fff020077bebd02ad6c", "height": 4.5250063 }, "geometry": { "type": "Polygon", "coordinates": [ [ [ -115.199998415362998, 36.12242165606564 ], [ -115.200034437602469, 36.122421446307683 ], [ -115.20003505108302, 36.12248952648094 ], [ -115.200119716035829, 36.12248902868982 ], [ -115.200119127831186, 36.122423119734556 ], [ -115.200145948527521, 36.122422963557312 ], [ -115.200144904457574, 36.122305974277936 ], [ -115.199997390627686, 36.122306833254065 ], [ -115.199998415362998, 36.12242165606564 ] ] ] } },
{ "type": "Feature", "properties": { "id": "08b2986b81129fff020009e24998e6c0", "height": 3.349882 }, "geometry": { "type": "Polygon", "coordinates": [ [ [ -115.199814671999661, 36.12231051135894 ], [ -115.199813415067595, 36.122444831666705 ], [ -115.199867056183066, 36.122445159182277 ], [ -115.19986681290591, 36.122471156634553 ], [ -115.199941910467601, 36.122471615156158 ], [ -115.199942295656456, 36.122430452519666 ], [ -115.199966434158441, 36.122430599901676 ], [ -115.199967549178837, 36.122311444779854 ], [ -115.199814671999661, 36.12231051135894 ] ] ] } },
{ "type": "Feature", "properties": { "id": "08b2986b818f2fff0200405901132889", "height": 3.3183699 }, "geometry": { "type": "Polygon", "coordinates": [ [ [ -115.199812762242146, 36.120289942861945 ], [ -115.199813095897767, 36.120321507710209 ], [ -115.199780911736099, 36.120321729695476 ], [ -115.199781804864585, 36.120406222336506 ], [ -115.19981228770925, 36.120406012086015 ], [ -115.199812759413931, 36.120450273927837 ], [ -115.19989590173185, 36.120449695767036 ], [ -115.199895337723532, 36.120396772722415 ], [ -115.199916793818517, 36.120396624732486 ], [ -115.199915649271247, 36.120289227397549 ], [ -115.199812762242146, 36.120289942861945 ] ] ] } },
{ "type": "Feature", "properties": { "id": "08b2986b81889fff0200eeaaab35068c", "height": 2.5660605 }, "geometry": { "type": "Polygon", "coordinates": [ [ [ -115.199642328247322, 36.120296392076163 ], [ -115.199639870021358, 36.120424192888009 ], [ -115.199670349371701, 36.120424573707822 ], [ -115.199669644259103, 36.120461397671612 ], [ -115.19972059404094, 36.120462034255937 ], [ -115.199722253129437, 36.120375389608434 ], [ -115.199749068804081, 36.120375724653208 ], [ -115.199750561983734, 36.120297744389035 ], [ -115.199642328247322, 36.120296392076163 ] ] ] } },
{ "type": "Feature", "properties": { "id": "08b2986b818d4fff020017839054a9e9", "height": 2.3108494 }, "geometry": { "type": "Polygon", "coordinates": [ [ [ -115.199795456428618, 36.120496425587582 ], [ -115.199796194190014, 36.120577519908196 ], [ -115.199770369149235, 36.120577674671338 ], [ -115.199771255961707, 36.120674232892149 ], [ -115.199848031869308, 36.120673777134037 ], [ -115.199847775639071, 36.120645612494087 ], [ -115.19987996040912, 36.120645421438368 ], [ -115.199878600417875, 36.120495932026046 ], [ -115.199795456428618, 36.120496425587582 ] ] ] } },
{ "type": "Feature", "properties": { "id": "08b2986b81889fff0200492250eddc7b", "height": 3.258493 }, "geometry": { "type": "Polygon", "coordinates": [ [ [ -115.199719734064402, 36.120501882431483 ], [ -115.199569545827373, 36.120503113621375 ], [ -115.199571777642973, 36.120680758956077 ], [ -115.199721965879974, 36.120679527768985 ], [ -115.199719734064402, 36.120501882431483 ] ] ] } },
{ "type": "Feature", "properties": { "id": "08b2986b818d6fff02004acf88e84155", "height": 2.5674381 }, "geometry": { "type": "Polygon", "coordinates": [ [ [ -115.199643847200377, 36.120853772293238 ], [ -115.199645926116588, 36.120932959713763 ], [ -115.199738106055733, 36.120931380656863 ], [ -115.199736020144286, 36.120852188143523 ], [ -115.199643847200377, 36.120853772293238 ] ] ] } },
{ "type": "Feature", "properties": { "id": "08b2986b818d3fff0200b9011d19b47c", "height": 3.0174215 }, "geometry": { "type": "Polygon", "coordinates": [ [ [ -115.199943931363009, 36.121313482105329 ], [ -115.19980018237581, 36.121311775470026 ], [ -115.199797828815392, 36.121441744006617 ], [ -115.199834301354898, 36.121442177019901 ], [ -115.199833591909169, 36.121481167498608 ], [ -115.1999167224307, 36.121482154449389 ], [ -115.199917628944689, 36.121432333279344 ], [ -115.19994176361223, 36.121432619813625 ], [ -115.199943931363009, 36.121313482105329 ] ] ] } },
{ "type": "Feature", "properties": { "id": "08b2986b818d2fff020026e3d4663af0", "height": 3.3375778 }, "geometry": { "type": "Polygon", "coordinates": [ [ [ -115.199651566356081, 36.121483839942705 ], [ -115.199737391484646, 36.121483281950674 ], [ -115.199737024506845, 36.121446452042257 ], [ -115.199763844859547, 36.121446277669648 ], [ -115.199762528056795, 36.12131412314988 ], [ -115.199652564610801, 36.121314838078689 ], [ -115.199652996349414, 36.121358167453558 ], [ -115.199618129890922, 36.121358394138184 ], [ -115.199618938006466, 36.121439496715119 ], [ -115.199651122411566, 36.121439285648556 ], [ -115.199651566356081, 36.121483839942705 ] ] ] } },
{ "type": "Feature", "properties": { "id": "08b2986b818d3fff0200f3086bff40f3", "height": 3.1883852 }, "geometry": { "type": "Polygon", "coordinates": [ [ [ -115.199863527728894, 36.121608691723274 ], [ -115.199831341826751, 36.121608804539726 ], [ -115.199831097413949, 36.121563306750126 ], [ -115.199750632658606, 36.121563588791382 ], [ -115.199750865432719, 36.121606920020007 ], [ -115.19972404384761, 36.121607014033714 ], [ -115.199724544311962, 36.12170017609413 ], [ -115.199864016554542, 36.121699687223476 ], [ -115.199863527728894, 36.121608691723274 ] ] ] } },
{ "type": "Feature", "properties": { "id": "08b2986b8112cfff020040c787d78b77", "height": 3.1980662 }, "geometry": { "type": "Polygon", "coordinates": [ [ [ -115.199694639948774, 36.121677541308323 ], [ -115.199693855313697, 36.121592109501265 ], [ -115.199665436129678, 36.12159227980829 ], [ -115.199664733140125, 36.121516452913319 ], [ -115.199576225159959, 36.121516983313668 ], [ -115.199576707209943, 36.121568978906325 ], [ -115.199560614849915, 36.121569075342677 ], [ -115.199561627896088, 36.121678345925673 ], [ -115.199694639948774, 36.121677541308323 ] ] ] } },
{ "type": "Feature", "properties": { "id": "08b2986b8112dfff02008dd0de72e332", "height": 2.4852805 }, "geometry": { "type": "Polygon", "coordinates": [ [ [ -115.19988909645032, 36.121898870722525 ], [ -115.199892672357564, 36.121814472385104 ], [ -115.19982143878353, 36.121812503105161 ], [ -115.199819700233306, 36.121853620354635 ], [ -115.199786446481028, 36.121852701042144 ], [ -115.199783053953681, 36.121932771222916 ], [ -115.199815202805311, 36.121933659989097 ], [ -115.199813277316821, 36.121979105189986 ], [ -115.199861500594281, 36.121980438338483 ], [ -115.199864984811597, 36.121898204147584 ], [ -115.19988909645032, 36.121898870722525 ] ] ] } },
{ "type": "Feature", "properties": { "id": "08b2986b8112cfff0200d913c421f059", "height": 3.1366217 }, "geometry": { "type": "Polygon", "coordinates": [ [ [ -115.199749582968437, 36.121820949669356 ], [ -115.199610118519189, 36.121821927354532 ], [ -115.199611124351222, 36.121916306662257 ], [ -115.199640626464017, 36.121916101512248 ], [ -115.199641042055475, 36.121955097288378 ], [ -115.19972418437338, 36.121954519138669 ], [ -115.199723791870341, 36.121917689794778 ], [ -115.199750611972917, 36.121917503294782 ], [ -115.199749582968437, 36.121820949669356 ] ] ] } },
{ "type": "Feature", "properties": { "id": "08b2986b8112dfff0200255de8e34dc0", "height": 2.8063111 }, "geometry": { "type": "Polygon", "coordinates": [ [ [ -115.199731756399885, 36.122201023950069 ], [ -115.199817566372616, 36.122202100917221 ], [ -115.199821232875166, 36.12201148720473 ], [ -115.199738104464089, 36.122010443890296 ], [ -115.199735687905587, 36.122136075708987 ], [ -115.199733006343934, 36.122136042053739 ], [ -115.199731756399885, 36.122201023950069 ] ] ] } },
{ "type": "Feature", "properties": { "id": "08b2986b81128fff02008d680cb0f508", "height": 2.8706236 }, "geometry": { "type": "Polygon", "coordinates": [ [ [ -115.199562176319219, 36.122184086787414 ], [ -115.199677491974313, 36.122185292855463 ], [ -115.199679575368037, 36.122055319397731 ], [ -115.199537442118739, 36.122053832846291 ], [ -115.199535983743118, 36.122144814291019 ], [ -115.19956280133735, 36.122145094772115 ], [ -115.199562176319219, 36.122184086787414 ] ] ] } },
{ "type": "Feature", "properties": { "id": "08b2986b81129fff0200a382e141745d", "height": 3.632562 }, "geometry": { "type": "Polygon", "coordinates": [ [ [ -115.199781936594377, 36.122317742608644 ], [ -115.199677345162158, 36.122318741904046 ], [ -115.199679068231461, 36.122435720781368 ], [ -115.199710093767962, 36.122435424355281 ], [ -115.199710981956486, 36.122496080051278 ], [ -115.199757734791049, 36.12249563336281 ], [ -115.199756440313564, 36.12240775159173 ], [ -115.199783258607184, 36.122407493846481 ], [ -115.199781936594377, 36.122317742608644 ] ] ] } },
{ "type": "Feature", "properties": { "id": "08b2986b81128fff0200a5015b0ae73c", "height": 3.2295206 }, "geometry": { "type": "Polygon", "coordinates": [ [ [ -115.199642561594629, 36.122433518467076 ], [ -115.199644805295691, 36.122319943196906 ], [ -115.199509193616109, 36.122318195190566 ], [ -115.199506959602587, 36.122431778254246 ], [ -115.199642561594629, 36.122433518467076 ] ] ] } }
]
}
